4938,test_category_labeling_highlight,84,3722,0,Other,"{""Other Type"": {""endIndexInSegment"": 360, ""startIndexInSegment"": 25, ""selectedText"": ""This Privacy Policy explains what information is collected via the Mohegan Sun website located at mohegansun.com, why the information is collected and how it is used. Mohegan Sun does not share or sell your personal information to anyone. Mohegan Sun does not participate in any format of SPAM and will not send any unsolicited emails."", ""value"": ""Introductory/Generic""}}",Not specified,http://mohegansun.com/about-mohegan-sun/privacy-policy.html
5975,test_category_labeling_highlight,88,3722,0,Other,"{""Other Type"": {""endIndexInSegment"": 360, ""startIndexInSegment"": 25, ""selectedText"": ""This Privacy Policy explains what information is collected via the Mohegan Sun website located at mohegansun.com, why the information is collected and how it is used. Mohegan Sun does not share or sell your personal information to anyone. Mohegan Sun does not participate in any format of SPAM and will not send any unsolicited emails."", ""value"": ""Introductory/Generic""}}",Not specified,http://mohegansun.com/about-mohegan-sun/privacy-policy.html
5982,test_category_labeling_highlight,88,3722,0,Third Party Sharing/Collection,"{""Third Party Entity"": {""endIndexInSegment"": 263, ""startIndexInSegment"": 192, ""selectedText"": ""Mohegan Sun does not share or sell your personal information to anyone."", ""value"": ""Unnamed third party""}, ""Choice Scope"": {""endIndexInSegment"": -1, ""startIndexInSegment"": -1, ""value"": ""Unspecified""}, ""Purpose"": {""endIndexInSegment"": -1, ""startIndexInSegment"": -1, ""value"": ""Unspecified""}, ""Personal Information Type"": {""endIndexInSegment"": 252, ""startIndexInSegment"": 232, ""selectedText"": ""personal information"", ""value"": ""Generic personal information""}, ""Choice Type"": {""endIndexInSegment"": -1, ""startIndexInSegment"": -1, ""value"": ""Unspecified""}, ""Identifiability"": {""endIndexInSegment"": 252, ""startIndexInSegment"": 232, ""selectedText"": ""personal information"", ""value"": ""Identifiable""}, ""Does/Does Not"": {""endIndexInSegment"": 263, ""startIndexInSegment"": 192, ""selectedText"": ""Mohegan Sun does not share or sell your personal information to anyone."", ""value"": ""Does Not""}, ""User Type"": {""endIndexInSegment"": -1, ""startIndexInSegment"": -1, ""value"": ""Unspecified""}, ""Action Third Party"": {""endIndexInSegment"": 263, ""startIndexInSegment"": 192, ""selectedText"": ""Mohegan Sun does not share or sell your personal information to anyone."", ""value"": ""Receive/Shared with""}}",Not specified,http://mohegansun.com/about-mohegan-sun/privacy-policy.html
6749,test_category_labeling_highlight,82,3722,0,Other,"{""Other Type"": {""endIndexInSegment"": 360, ""startIndexInSegment"": 25, ""selectedText"": ""This Privacy Policy explains what information is collected via the Mohegan Sun website located at mohegansun.com, why the information is collected and how it is used. Mohegan Sun does not share or sell your personal information to anyone. Mohegan Sun does not participate in any format of SPAM and will not send any unsolicited emails."", ""value"": ""Introductory/Generic""}}",Not specified,http://mohegansun.com/about-mohegan-sun/privacy-policy.html
6750,test_category_labeling_highlight,82,3722,0,Third Party Sharing/Collection,"{""Third Party Entity"": {""endIndexInSegment"": -1, ""startIndexInSegment"": -1, ""value"": ""Unspecified""}, ""Choice Scope"": {""endIndexInSegment"": -1, ""startIndexInSegment"": -1, ""value"": ""Unspecified""}, ""Purpose"": {""endIndexInSegment"": -1, ""startIndexInSegment"": -1, ""value"": ""Unspecified""}, ""Personal Information Type"": {""endIndexInSegment"": 252, ""startIndexInSegment"": 232, ""selectedText"": ""personal information"", ""value"": ""Generic personal information""}, ""Choice Type"": {""endIndexInSegment"": -1, ""startIndexInSegment"": -1, ""value"": ""Unspecified""}, ""Identifiability"": {""endIndexInSegment"": -1, ""startIndexInSegment"": -1, ""value"": ""Unspecified""}, ""Does/Does Not"": {""endIndexInSegment"": 212, ""startIndexInSegment"": 204, ""selectedText"": ""does not"", ""value"": ""Does Not""}, ""User Type"": {""endIndexInSegment"": -1, ""startIndexInSegment"": -1, ""value"": ""Unspecified""}, ""Action Third Party"": {""endIndexInSegment"": 218, ""startIndexInSegment"": 213, ""selectedText"": ""share"", ""value"": ""Receive/Shared with""}}",Not specified,http://mohegansun.com/about-mohegan-sun/privacy-policy.html
6751,test_category_labeling_highlight,82,3722,0,Third Party Sharing/Collection,"{""Third Party Entity"": {""endIndexInSegment"": -1, ""startIndexInSegment"": -1, ""value"": ""Unspecified""}, ""Choice Scope"": {""endIndexInSegment"": -1, ""startIndexInSegment"": -1, ""value"": ""Unspecified""}, ""Purpose"": {""endIndexInSegment"": -1, ""startIndexInSegment"": -1, ""value"": ""Unspecified""}, ""Personal Information Type"": {""endIndexInSegment"": 252, ""startIndexInSegment"": 232, ""selectedText"": ""personal information"", ""value"": ""Generic personal information""}, ""Choice Type"": {""endIndexInSegment"": -1, ""startIndexInSegment"": -1, ""value"": ""Unspecified""}, ""Identifiability"": {""endIndexInSegment"": -1, ""startIndexInSegment"": -1, ""value"": ""Unspecified""}, ""Does/Does Not"": {""endIndexInSegment"": 212, ""startIndexInSegment"": 204, ""selectedText"": ""does not"", ""value"": ""Does Not""}, ""User Type"": {""endIndexInSegment"": -1, ""startIndexInSegment"": -1, ""value"": ""Unspecified""}, ""Action Third Party"": {""endIndexInSegment"": 230, ""startIndexInSegment"": 222, ""selectedText"": ""sell you"", ""value"": ""Other""}}",Not specified,http://mohegansun.com/about-mohegan-sun/privacy-policy.html
6752,test_category_labeling_highlight,82,3722,0,First Party Collection/Use,"{""Collection Mode"": {""endIndexInSegment"": -1, ""startIndexInSegment"": -1, ""value"": ""Unspecified""}, ""Choice Scope"": {""endIndexInSegment"": -1, ""startIndexInSegment"": -1, ""value"": ""Unspecified""}, ""Action First-Party"": {""endIndexInSegment"": -1, ""startIndexInSegment"": -1, ""value"": ""Unspecified""}, ""Personal Information Type"": {""endIndexInSegment"": -1, ""startIndexInSegment"": -1, ""value"": ""Unspecified""}, ""Choice Type"": {""endIndexInSegment"": -1, ""startIndexInSegment"": -1, ""value"": ""Unspecified""}, ""Identifiability"": {""endIndexInSegment"": -1, ""startIndexInSegment"": -1, ""value"": ""Unspecified""}, ""Does/Does Not"": {""endIndexInSegment"": -1, ""startIndexInSegment"": -1, ""value"": ""Does""}, ""User Type"": {""endIndexInSegment"": -1, ""startIndexInSegment"": -1, ""value"": ""Unspecified""}, ""Purpose"": {""endIndexInSegment"": -1, ""startIndexInSegment"": -1, ""value"": ""Unspecified""}}",Not specified,http://mohegansun.com/about-mohegan-sun/privacy-policy.html
4939,test_category_labeling_highlight,84,3722,1,First Party Collection/Use,"{""Collection Mode"": {""endIndexInSegment"": 64, ""startIndexInSegment"": 55, ""selectedText"": ""collected"", ""value"": ""Unspecified""}, ""Choice Scope"": {""endIndexInSegment"": 597, ""startIndexInSegment"": 590, ""selectedText"": ""removed"", ""value"": ""Use""}, ""Action First-Party"": {""endIndexInSegment"": 71, ""startIndexInSegment"": 65, ""selectedText"": ""online"", ""value"": ""Collect on website""}, ""Personal Information Type"": {""endIndexInSegment"": 212, ""startIndexInSegment"": 192, ""selectedText"": ""name, email address,"", ""value"": ""Contact""}, ""Choice Type"": {""endIndexInSegment"": 650, ""startIndexInSegment"": 630, ""selectedText"": ""\""unsubscribe\"" link w"", ""value"": ""Opt-out link""}, ""Identifiability"": {""endIndexInSegment"": -1, ""startIndexInSegment"": -1, ""value"": ""Unspecified""}, ""Does/Does Not"": {""endIndexInSegment"": 64, ""startIndexInSegment"": 55, ""selectedText"": ""collected"", ""value"": ""Does""}, ""User Type"": {""endIndexInSegment"": -1, ""startIndexInSegment"": -1, ""value"": ""Unspecified""}, ""Purpose"": {""endIndexInSegment"": 161, ""startIndexInSegment"": 84, ""selectedText"": ""email broadcasts utilizing tailored information upon the request of a visitor"", ""value"": ""Personalization/Customization""}}",Not specified,http://mohegansun.com/about-mohegan-sun/privacy-policy.html
4940,test_category_labeling_highlight,84,3722,1,First Party Collection/Use,"{""Collection Mode"": {""endIndexInSegment"": 64, ""startIndexInSegment"": 55, ""selectedText"": ""collected"", ""value"": ""Unspecified""}, ""Choice Scope"": {""endIndexInSegment"": 597, ""startIndexInSegment"": 590, ""selectedText"": ""removed"", ""value"": ""Use""}, ""Action First-Party"": {""endIndexInSegment"": 71, ""startIndexInSegment"": 65, ""selectedText"": ""online"", ""value"": ""Collect on website""}, ""Personal Information Type"": {""endIndexInSegment"": 227, ""startIndexInSegment"": 213, ""selectedText"": ""home address a"", ""value"": ""Location""}, ""Choice Type"": {""endIndexInSegment"": 650, ""startIndexInSegment"": 630, ""selectedText"": ""\""unsubscribe\"" link w"", ""value"": ""Opt-out link""}, ""Identifiability"": {""endIndexInSegment"": -1, ""startIndexInSegment"": -1, ""value"": ""Unspecified""}, ""Does/Does Not"": {""endIndexInSegment"": 64, ""startIndexInSegment"": 55, ""selectedText"": ""collected"", ""value"": ""Does""}, ""User Type"": {""endIndexInSegment"": -1, ""startIndexInSegment"": -1, ""value"": ""Unspecified""}, ""Purpose"": {""endIndexInSegment"": 161, ""startIndexInSegment"": 84, ""selectedText"": ""email broadcasts utilizing tailored information upon the request of a visitor"", ""value"": ""Personalization/Customization""}}",Not specified,http://mohegansun.com/about-mohegan-sun/privacy-policy.html
4941,test_category_labeling_highlight,84,3722,1,First Party Collection/Use,"{""Collection Mode"": {""endIndexInSegment"": 64, ""startIndexInSegment"": 55, ""selectedText"": ""collected"", ""value"": ""Unspecified""}, ""Choice Scope"": {""endIndexInSegment"": 597, ""startIndexInSegment"": 590, ""selectedText"": ""removed"", ""value"": ""Use""}, ""Action First-Party"": {""endIndexInSegment"": 71, ""startIndexInSegment"": 65, ""selectedText"": ""online"", ""value"": ""Collect on website""}, ""Personal Information Type"": {""endIndexInSegment"": 272, ""startIndexInSegment"": 230, ""selectedText"": ""data collected regarding areas of interest"", ""value"": ""Unspecified""}, ""Choice Type"": {""endIndexInSegment"": 650, ""startIndexInSegment"": 630, ""selectedText"": ""\""unsubscribe\"" link w"", ""value"": ""Opt-out link""}, ""Identifiability"": {""endIndexInSegment"": -1, ""startIndexInSegment"": -1, ""value"": ""Unspecified""}, ""Does/Does Not"": {""endIndexInSegment"": 64, ""startIndexInSegment"": 55, ""selectedText"": ""collected"", ""value"": ""Does""}, ""User Type"": {""endIndexInSegment"": -1, ""startIndexInSegment"": -1, ""value"": ""Unspecified""}, ""Purpose"": {""endIndexInSegment"": 161, ""startIndexInSegment"": 84, ""selectedText"": ""email broadcasts utilizing tailored information upon the request of a visitor"", ""value"": ""Personalization/Customization""}}",Not specified,http://mohegansun.com/about-mohegan-sun/privacy-policy.html
4942,test_category_labeling_highlight,84,3722,1,Third Party Sharing/Collection,"{""Third Party Entity"": {""endIndexInSegment"": 456, ""startIndexInSegment"": 441, ""selectedText"": ""any third party"", ""value"": ""Unnamed third party""}, ""Choice Scope"": {""endIndexInSegment"": -1, ""startIndexInSegment"": -1, ""value"": ""Unspecified""}, ""Purpose"": {""endIndexInSegment"": -1, ""startIndexInSegment"": -1, ""value"": ""Unspecified""}, ""Personal Information Type"": {""endIndexInSegment"": -1, ""startIndexInSegment"": -1, ""value"": ""Unspecified""}, ""Choice Type"": {""endIndexInSegment"": -1, ""startIndexInSegment"": -1, ""value"": ""Unspecified""}, ""Identifiability"": {""endIndexInSegment"": -1, ""startIndexInSegment"": -1, ""value"": ""Unspecified""}, ""Does/Does Not"": {""endIndexInSegment"": 388, ""startIndexInSegment"": 384, ""selectedText"": ""None"", ""value"": ""Does Not""}, ""User Type"": {""endIndexInSegment"": -1, ""startIndexInSegment"": -1, ""value"": ""Unspecified""}, ""Action Third Party"": {""endIndexInSegment"": 435, ""startIndexInSegment"": 429, ""selectedText"": ""shared"", ""value"": ""Receive/Shared with""}}",Not specified,http://mohegansun.com/about-mohegan-sun/privacy-policy.html
5983,test_category_labeling_highlight,88,3722,1,First Party Collection/Use,"{""Collection Mode"": {""endIndexInSegment"": 161, ""startIndexInSegment"": 132, ""selectedText"": ""upon the request of a visitor"", ""value"": ""Explicit""}, ""Choice Scope"": {""endIndexInSegment"": -1, ""startIndexInSegment"": -1, ""value"": ""Unspecified""}, ""Action First-Party"": {""endIndexInSegment"": 71, ""startIndexInSegment"": 55, ""selectedText"": ""collected online"", ""value"": ""Collect on website""}, ""Personal Information Type"": {""endIndexInSegment"": 225, ""startIndexInSegment"": 192, ""selectedText"": ""name, email address, home address"", ""value"": ""Contact""}, ""Choice Type"": {""endIndexInSegment"": 734, ""startIndexInSegment"": 526, ""selectedText"": ""Anyone receiving email updates from Mohegan Sun that wish to be removed should immediately click on the \""unsubscribe\"" link which is included in every email correspondence that is transmitted from Mohegan Sun."", ""value"": ""Opt-out link""}, ""Identifiability"": {""endIndexInSegment"": 225, ""startIndexInSegment"": 192, ""selectedText"": ""name, email address, home address"", ""value"": ""Identifiable""}, ""Does/Does Not"": {""endIndexInSegment"": 734, ""startIndexInSegment"": 39, ""selectedText"": ""The information collected online is used for email broadcasts utilizing tailored information upon the request of a visitor. Information received such as name, email address, home address and data collected regarding areas of interest is stored in a database. The database is available for Mohegan Sun's usage only and is not shared with anyone. None of the information collected is sold or shared with any third party and is available only to specific Marketing Managers at Mohegan Sun. Anyone receiving email updates from Mohegan Sun that wish to be removed should immediately click on the \""unsubscribe\"" link which is included in every email correspondence that is transmitted from Mohegan Sun."", ""value"": ""Does""}, ""User Type"": {""endIndexInSegment"": -1, ""startIndexInSegment"": -1, ""value"": ""Unspecified""}, ""Purpose"": {""endIndexInSegment"": 524, ""startIndexInSegment"": 461, ""selectedText"": ""is available only to specific Marketing Managers at Mohegan Sun"", ""value"": ""Marketing""}}",Not specified,http://mohegansun.com/about-mohegan-sun/privacy-policy.html
5984,test_category_labeling_highlight,88,3722,1,First Party Collection/Use,"{""Collection Mode"": {""endIndexInSegment"": 161, ""startIndexInSegment"": 132, ""selectedText"": ""upon the request of a visitor"", ""value"": ""Explicit""}, ""Choice Scope"": {""endIndexInSegment"": -1, ""startIndexInSegment"": -1, ""value"": ""Unspecified""}, ""Action First-Party"": {""endIndexInSegment"": 71, ""startIndexInSegment"": 55, ""selectedText"": ""collected online"", ""value"": ""Collect on website""}, ""Personal Information Type"": {""endIndexInSegment"": 272, ""startIndexInSegment"": 230, ""selectedText"": ""data collected regarding areas of interest"", ""value"": ""Demographic""}, ""Choice Type"": {""endIndexInSegment"": 734, ""startIndexInSegment"": 526, ""selectedText"": ""Anyone receiving email updates from Mohegan Sun that wish to be removed should immediately click on the \""unsubscribe\"" link which is included in every email correspondence that is transmitted from Mohegan Sun."", ""value"": ""Opt-out link""}, ""Identifiability"": {""endIndexInSegment"": 272, ""startIndexInSegment"": 230, ""selectedText"": ""data collected regarding areas of interest"", ""value"": ""Unspecified""}, ""Does/Does Not"": {""endIndexInSegment"": 734, ""startIndexInSegment"": 39, ""selectedText"": ""The information collected online is used for email broadcasts utilizing tailored information upon the request of a visitor. Information received such as name, email address, home address and data collected regarding areas of interest is stored in a database. The database is available for Mohegan Sun's usage only and is not shared with anyone. None of the information collected is sold or shared with any third party and is available only to specific Marketing Managers at Mohegan Sun. Anyone receiving email updates from Mohegan Sun that wish to be removed should immediately click on the \""unsubscribe\"" link which is included in every email correspondence that is transmitted from Mohegan Sun."", ""value"": ""Does""}, ""User Type"": {""endIndexInSegment"": -1, ""startIndexInSegment"": -1, ""value"": ""Unspecified""}, ""Purpose"": {""endIndexInSegment"": 524, ""startIndexInSegment"": 461, ""selectedText"": ""is available only to specific Marketing Managers at Mohegan Sun"", ""value"": ""Marketing""}}",Not specified,http://mohegansun.com/about-mohegan-sun/privacy-policy.html
5985,test_category_labeling_highlight,88,3722,1,Third Party Sharing/Collection,"{""Third Party Entity"": {""endIndexInSegment"": 383, ""startIndexInSegment"": 298, ""selectedText"": ""The database is available for Mohegan Sun's usage only and is not shared with anyone."", ""value"": ""Unnamed third party""}, ""Choice Scope"": {""endIndexInSegment"": -1, ""startIndexInSegment"": -1, ""value"": ""Unspecified""}, ""Purpose"": {""endIndexInSegment"": -1, ""startIndexInSegment"": -1, ""value"": ""Unspecified""}, ""Personal Information Type"": {""endIndexInSegment"": 225, ""startIndexInSegment"": 192, ""selectedText"": ""name, email address, home address"", ""value"": ""Contact""}, ""Choice Type"": {""endIndexInSegment"": -1, ""startIndexInSegment"": -1, ""value"": ""Unspecified""}, ""Identifiability"": {""endIndexInSegment"": 225, ""startIndexInSegment"": 192, ""selectedText"": ""name, email address, home address"", ""value"": ""Identifiable""}, ""Does/Does Not"": {""endIndexInSegment"": 383, ""startIndexInSegment"": 298, ""selectedText"": ""The database is available for Mohegan Sun's usage only and is not shared with anyone."", ""value"": ""Does Not""}, ""User Type"": {""endIndexInSegment"": -1, ""startIndexInSegment"": -1, ""value"": ""Unspecified""}, ""Action Third Party"": {""endIndexInSegment"": 383, ""startIndexInSegment"": 298, ""selectedText"": ""The database is available for Mohegan Sun's usage only and is not shared with anyone."", ""value"": ""Receive/Shared with""}}",Not specified,http://mohegansun.com/about-mohegan-sun/privacy-policy.html
6759,test_category_labeling_highlight,82,3722,1,First Party Collection/Use,"{""Collection Mode"": {""endIndexInSegment"": -1, ""startIndexInSegment"": -1, ""value"": ""Unspecified""}, ""Choice Scope"": {""endIndexInSegment"": -1, ""startIndexInSegment"": -1, ""value"": ""Unspecified""}, ""Action First-Party"": {""endIndexInSegment"": -1, ""startIndexInSegment"": -1, ""value"": ""Unspecified""}, ""Personal Information Type"": {""endIndexInSegment"": 225, ""startIndexInSegment"": 193, ""selectedText"": ""ame, email address, home address"", ""value"": ""Contact""}, ""Choice Type"": {""endIndexInSegment"": 733, ""startIndexInSegment"": 577, ""selectedText"": ""t wish to be removed should immediately click on the \""unsubscribe\"" link which is included in every email correspondence that is transmitted from Mohegan Sun"", ""value"": ""Opt-out link""}, ""Identifiability"": {""endIndexInSegment"": -1, ""startIndexInSegment"": -1, ""value"": ""Unspecified""}, ""Does/Does Not"": {""endIndexInSegment"": -1, ""startIndexInSegment"": -1, ""value"": ""Does""}, ""User Type"": {""endIndexInSegment"": -1, ""startIndexInSegment"": -1, ""value"": ""Unspecified""}, ""Purpose"": {""endIndexInSegment"": 160, ""startIndexInSegment"": 84, ""selectedText"": ""email broadcasts utilizing tailored information upon the request of a visito"", ""value"": ""Basic service/feature""}}",Not specified,http://mohegansun.com/about-mohegan-sun/privacy-policy.html
6760,test_category_labeling_highlight,82,3722,1,First Party Collection/Use,"{""Collection Mode"": {""endIndexInSegment"": -1, ""startIndexInSegment"": -1, ""value"": ""Unspecified""}, ""Choice Scope"": {""endIndexInSegment"": -1, ""startIndexInSegment"": -1, ""value"": ""Unspecified""}, ""Action First-Party"": {""endIndexInSegment"": -1, ""startIndexInSegment"": -1, ""value"": ""Unspecified""}, ""Personal Information Type"": {""endIndexInSegment"": 296, ""startIndexInSegment"": 230, ""selectedText"": ""data collected regarding areas of interest is stored in a database"", ""value"": ""Location""}, ""Choice Type"": {""endIndexInSegment"": 733, ""startIndexInSegment"": 577, ""selectedText"": ""t wish to be removed should immediately click on the \""unsubscribe\"" link which is included in every email correspondence that is transmitted from Mohegan Sun"", ""value"": ""Opt-out link""}, ""Identifiability"": {""endIndexInSegment"": -1, ""startIndexInSegment"": -1, ""value"": ""Unspecified""}, ""Does/Does Not"": {""endIndexInSegment"": -1, ""startIndexInSegment"": -1, ""value"": ""Does""}, ""User Type"": {""endIndexInSegment"": -1, ""startIndexInSegment"": -1, ""value"": ""Unspecified""}, ""Purpose"": {""endIndexInSegment"": 160, ""startIndexInSegment"": 84, ""selectedText"": ""email broadcasts utilizing tailored information upon the request of a visito"", ""value"": ""Basic service/feature""}}",Not specified,http://mohegansun.com/about-mohegan-sun/privacy-policy.html
6761,test_category_labeling_highlight,82,3722,1,Third Party Sharing/Collection,"{""Third Party Entity"": {""endIndexInSegment"": 523, ""startIndexInSegment"": 441, ""selectedText"": ""any third party and is available only to specific Marketing Managers at Mohegan Su"", ""value"": ""Unnamed third party""}, ""Choice Scope"": {""endIndexInSegment"": -1, ""startIndexInSegment"": -1, ""value"": ""Unspecified""}, ""Purpose"": {""endIndexInSegment"": 509, ""startIndexInSegment"": 492, ""selectedText"": ""arketing Managers"", ""value"": ""Marketing""}, ""Personal Information Type"": {""endIndexInSegment"": -1, ""startIndexInSegment"": -1, ""value"": ""Unspecified""}, ""Choice Type"": {""endIndexInSegment"": -1, ""startIndexInSegment"": -1, ""value"": ""Unspecified""}, ""Identifiability"": {""endIndexInSegment"": -1, ""startIndexInSegment"": -1, ""value"": ""Unspecified""}, ""Does/Does Not"": {""endIndexInSegment"": 419, ""startIndexInSegment"": 384, ""selectedText"": ""None of the information collected i"", ""value"": ""Does Not""}, ""User Type"": {""endIndexInSegment"": -1, ""startIndexInSegment"": -1, ""value"": ""Unspecified""}, ""Action Third Party"": {""endIndexInSegment"": 435, ""startIndexInSegment"": 385, ""selectedText"": ""one of the information collected is sold or shared"", ""value"": ""Receive/Shared with""}}",Not specified,http://mohegansun.com/about-mohegan-sun/privacy-policy.html
6762,test_category_labeling_highlight,82,3722,1,First Party Collection/Use,"{""Collection Mode"": {""endIndexInSegment"": -1, ""startIndexInSegment"": -1, ""value"": ""Unspecified""}, ""Choice Scope"": {""endIndexInSegment"": -1, ""startIndexInSegment"": -1, ""value"": ""Unspecified""}, ""Action First-Party"": {""endIndexInSegment"": -1, ""startIndexInSegment"": -1, ""value"": ""Unspecified""}, ""Personal Information Type"": {""endIndexInSegment"": 296, ""startIndexInSegment"": 230, ""selectedText"": ""data collected regarding areas of interest is stored in a database"", ""value"": ""Location""}, ""Choice Type"": {""endIndexInSegment"": 733, ""startIndexInSegment"": 577, ""selectedText"": ""t wish to be removed should immediately click on the \""unsubscribe\"" link which is included in every email correspondence that is transmitted from Mohegan Sun"", ""value"": ""Opt-out link""}, ""Identifiability"": {""endIndexInSegment"": -1, ""startIndexInSegment"": -1, ""value"": ""Unspecified""}, ""Does/Does Not"": {""endIndexInSegment"": -1, ""startIndexInSegment"": -1, ""value"": ""Does""}, ""User Type"": {""endIndexInSegment"": -1, ""startIndexInSegment"": -1, ""value"": ""Unspecified""}, ""Purpose"": {""endIndexInSegment"": 517, ""startIndexInSegment"": 491, ""selectedText"": ""Marketing Managers at Mohe"", ""value"": ""Marketing""}}",Not specified,http://mohegansun.com/about-mohegan-sun/privacy-policy.html
6763,test_category_labeling_highlight,82,3722,1,First Party Collection/Use,"{""Collection Mode"": {""endIndexInSegment"": -1, ""startIndexInSegment"": -1, ""value"": ""Unspecified""}, ""Choice Scope"": {""endIndexInSegment"": -1, ""startIndexInSegment"": -1, ""value"": ""Unspecified""}, ""Action First-Party"": {""endIndexInSegment"": -1, ""startIndexInSegment"": -1, ""value"": ""Unspecified""}, ""Personal Information Type"": {""endIndexInSegment"": 225, ""startIndexInSegment"": 193, ""selectedText"": ""ame, email address, home address"", ""value"": ""Contact""}, ""Choice Type"": {""endIndexInSegment"": 733, ""startIndexInSegment"": 577, ""selectedText"": ""t wish to be removed should immediately click on the \""unsubscribe\"" link which is included in every email correspondence that is transmitted from Mohegan Sun"", ""value"": ""Opt-out link""}, ""Identifiability"": {""endIndexInSegment"": -1, ""startIndexInSegment"": -1, ""value"": ""Unspecified""}, ""Does/Does Not"": {""endIndexInSegment"": -1, ""startIndexInSegment"": -1, ""value"": ""Does""}, ""User Type"": {""endIndexInSegment"": -1, ""startIndexInSegment"": -1, ""value"": ""Unspecified""}, ""Purpose"": {""endIndexInSegment"": 509, ""startIndexInSegment"": 491, ""selectedText"": ""Marketing Managers"", ""value"": ""Marketing""}}",Not specified,http://mohegansun.com/about-mohegan-sun/privacy-policy.html
4943,test_category_labeling_highlight,84,3722,2,First Party Collection/Use,"{""Collection Mode"": {""endIndexInSegment"": -1, ""startIndexInSegment"": -1, ""value"": ""Unspecified""}, ""Choice Scope"": {""endIndexInSegment"": -1, ""startIndexInSegment"": -1, ""value"": ""Unspecified""}, ""Action First-Party"": {""endIndexInSegment"": -1, ""startIndexInSegment"": -1, ""value"": ""Unspecified""}, ""Personal Information Type"": {""endIndexInSegment"": 250, ""startIndexInSegment"": 243, ""selectedText"": ""name, a"", ""value"": ""Contact""}, ""Choice Type"": {""endIndexInSegment"": -1, ""startIndexInSegment"": -1, ""value"": ""Unspecified""}, ""Identifiability"": {""endIndexInSegment"": -1, ""startIndexInSegment"": -1, ""value"": ""Unspecified""}, ""Does/Does Not"": {""endIndexInSegment"": 21, ""startIndexInSegment"": 12, ""selectedText"": ""Collected"", ""value"": ""Does""}, ""User Type"": {""endIndexInSegment"": 115, ""startIndexInSegment"": 108, ""selectedText"": ""sign up"", ""value"": ""User with account""}, ""Purpose"": {""endIndexInSegment"": -1, ""startIndexInSegment"": -1, ""value"": ""Unspecified""}}",Not specified,http://mohegansun.com/about-mohegan-sun/privacy-policy.html
4944,test_category_labeling_highlight,84,3722,2,First Party Collection/Use,"{""Collection Mode"": {""endIndexInSegment"": -1, ""startIndexInSegment"": -1, ""value"": ""Unspecified""}, ""Choice Scope"": {""endIndexInSegment"": -1, ""startIndexInSegment"": -1, ""value"": ""Unspecified""}, ""Action First-Party"": {""endIndexInSegment"": -1, ""startIndexInSegment"": -1, ""value"": ""Unspecified""}, ""Personal Information Type"": {""endIndexInSegment"": 256, ""startIndexInSegment"": 249, ""selectedText"": ""address"", ""value"": ""Location""}, ""Choice Type"": {""endIndexInSegment"": -1, ""startIndexInSegment"": -1, ""value"": ""Unspecified""}, ""Identifiability"": {""endIndexInSegment"": -1, ""startIndexInSegment"": -1, ""value"": ""Unspecified""}, ""Does/Does Not"": {""endIndexInSegment"": 21, ""startIndexInSegment"": 12, ""selectedText"": ""Collected"", ""value"": ""Does""}, ""User Type"": {""endIndexInSegment"": 115, ""startIndexInSegment"": 108, ""selectedText"": ""sign up"", ""value"": ""User with account""}, ""Purpose"": {""endIndexInSegment"": -1, ""startIndexInSegment"": -1, ""value"": ""Unspecified""}}",Not specified,http://mohegansun.com/about-mohegan-sun/privacy-policy.html
4945,test_category_labeling_highlight,84,3722,2,Third Party Sharing/Collection,"{""Third Party Entity"": {""endIndexInSegment"": 361, ""startIndexInSegment"": 345, ""selectedText"": ""any third party."", ""value"": ""Unnamed third party""}, ""Choice Scope"": {""endIndexInSegment"": -1, ""startIndexInSegment"": -1, ""value"": ""Unspecified""}, ""Purpose"": {""endIndexInSegment"": -1, ""startIndexInSegment"": -1, ""value"": ""Unspecified""}, ""Personal Information Type"": {""endIndexInSegment"": -1, ""startIndexInSegment"": -1, ""value"": ""Unspecified""}, ""Choice Type"": {""endIndexInSegment"": -1, ""startIndexInSegment"": -1, ""value"": ""Unspecified""}, ""Identifiability"": {""endIndexInSegment"": -1, ""startIndexInSegment"": -1, ""value"": ""Unspecified""}, ""Does/Does Not"": {""endIndexInSegment"": 331, ""startIndexInSegment"": 321, ""selectedText"": ""not shared"", ""value"": ""Does Not""}, ""User Type"": {""endIndexInSegment"": -1, ""startIndexInSegment"": -1, ""value"": ""Unspecified""}, ""Action Third Party"": {""endIndexInSegment"": 339, ""startIndexInSegment"": 313, ""selectedText"": ""that is not shared or sold"", ""value"": ""Receive/Shared with""}}",Not specified,http://mohegansun.com/about-mohegan-sun/privacy-policy.html
5980,test_category_labeling_highlight,88,3722,2,First Party Collection/Use,"{""Collection Mode"": {""endIndexInSegment"": 115, ""startIndexInSegment"": 96, ""selectedText"": ""patrons may sign up"", ""value"": ""Explicit""}, ""Choice Scope"": {""endIndexInSegment"": -1, ""startIndexInSegment"": -1, ""value"": ""Unspecified""}, ""Action First-Party"": {""endIndexInSegment"": 288, ""startIndexInSegment"": 171, ""selectedText"": ""All personal information collected at any Player's Club booth including name, address, phone number and email address"", ""value"": ""Other""}, ""Personal Information Type"": {""endIndexInSegment"": 288, ""startIndexInSegment"": 243, ""selectedText"": ""name, address, phone number and email address"", ""value"": ""Contact""}, ""Choice Type"": {""endIndexInSegment"": 115, ""startIndexInSegment"": 96, ""selectedText"": ""patrons may sign up"", ""value"": ""Opt-in""}, ""Identifiability"": {""endIndexInSegment"": 195, ""startIndexInSegment"": 175, ""selectedText"": ""personal information"", ""value"": ""Identifiable""}, ""Does/Does Not"": {""endIndexInSegment"": 288, ""startIndexInSegment"": 47, ""selectedText"": ""In addition to the information collected online, patrons may sign up to become a Momentum member upon visiting Mohegan Sun. All personal information collected at any Player's Club booth including name, address, phone number and email address"", ""value"": ""Does""}, ""User Type"": {""endIndexInSegment"": 170, ""startIndexInSegment"": 96, ""selectedText"": ""patrons may sign up to become a Momentum member upon visiting Mohegan Sun."", ""value"": ""User with account""}, ""Purpose"": {""endIndexInSegment"": 170, ""startIndexInSegment"": 96, ""selectedText"": ""patrons may sign up to become a Momentum member upon visiting Mohegan Sun."", ""value"": ""Additional service/feature""}}",Not specified,http://mohegansun.com/about-mohegan-sun/privacy-policy.html
5981,test_category_labeling_highlight,88,3722,2,Third Party Sharing/Collection,"{""Third Party Entity"": {""endIndexInSegment"": 361, ""startIndexInSegment"": 171, ""selectedText"": ""All personal information collected at any Player's Club booth including name, address, phone number and email address is placed in a database that is not shared or sold with any third party."", ""value"": ""Unnamed third party""}, ""Choice Scope"": {""endIndexInSegment"": -1, ""startIndexInSegment"": -1, ""value"": ""Unspecified""}, ""Purpose"": {""endIndexInSegment"": 232, ""startIndexInSegment"": 196, ""selectedText"": ""collected at any Player's Club booth"", ""value"": ""Additional service/feature""}, ""Personal Information Type"": {""endIndexInSegment"": 288, ""startIndexInSegment"": 243, ""selectedText"": ""name, address, phone number and email address"", ""value"": ""Contact""}, ""Choice Type"": {""endIndexInSegment"": -1, ""startIndexInSegment"": -1, ""value"": ""Unspecified""}, ""Identifiability"": {""endIndexInSegment"": 195, ""startIndexInSegment"": 175, ""selectedText"": ""personal information"", ""value"": ""Identifiable""}, ""Does/Does Not"": {""endIndexInSegment"": 361, ""startIndexInSegment"": 171, ""selectedText"": ""All personal information collected at any Player's Club booth including name, address, phone number and email address is placed in a database that is not shared or sold with any third party."", ""value"": ""Does Not""}, ""User Type"": {""endIndexInSegment"": -1, ""startIndexInSegment"": -1, ""value"": ""Unspecified""}, ""Action Third Party"": {""endIndexInSegment"": 361, ""startIndexInSegment"": 321, ""selectedText"": ""not shared or sold with any third party."", ""value"": ""Receive/Shared with""}}",Not specified,http://mohegansun.com/about-mohegan-sun/privacy-policy.html
6764,test_category_labeling_highlight,82,3722,2,First Party Collection/Use,"{""Collection Mode"": {""endIndexInSegment"": 93, ""startIndexInSegment"": 67, ""selectedText"": ""nformation collected onlin"", ""value"": ""Unspecified""}, ""Choice Scope"": {""endIndexInSegment"": -1, ""startIndexInSegment"": -1, ""value"": ""Unspecified""}, ""Action First-Party"": {""endIndexInSegment"": 94, ""startIndexInSegment"": 66, ""selectedText"": ""information collected online"", ""value"": ""Collect on website""}, ""Personal Information Type"": {""endIndexInSegment"": -1, ""startIndexInSegment"": -1, ""value"": ""Unspecified""}, ""Choice Type"": {""endIndexInSegment"": -1, ""startIndexInSegment"": -1, ""value"": ""Unspecified""}, ""Identifiability"": {""endIndexInSegment"": -1, ""startIndexInSegment"": -1, ""value"": ""Unspecified""}, ""Does/Does Not"": {""endIndexInSegment"": -1, ""startIndexInSegment"": -1, ""value"": ""Does""}, ""User Type"": {""endIndexInSegment"": -1, ""startIndexInSegment"": -1, ""value"": ""Unspecified""}, ""Purpose"": {""endIndexInSegment"": -1, ""startIndexInSegment"": -1, ""value"": ""Unspecified""}}",Not specified,http://mohegansun.com/about-mohegan-sun/privacy-policy.html
6765,test_category_labeling_highlight,82,3722,2,First Party Collection/Use,"{""Collection Mode"": {""endIndexInSegment"": 93, ""startIndexInSegment"": 67, ""selectedText"": ""nformation collected onlin"", ""value"": ""Unspecified""}, ""Choice Scope"": {""endIndexInSegment"": -1, ""startIndexInSegment"": -1, ""value"": ""Unspecified""}, ""Action First-Party"": {""endIndexInSegment"": 170, ""startIndexInSegment"": 96, ""selectedText"": ""patrons may sign up to become a Momentum member upon visiting Mohegan Sun."", ""value"": ""Other""}, ""Personal Information Type"": {""endIndexInSegment"": 311, ""startIndexInSegment"": 227, ""selectedText"": ""booth including name, address, phone number and email address is placed in a databas"", ""value"": ""Contact""}, ""Choice Type"": {""endIndexInSegment"": -1, ""startIndexInSegment"": -1, ""value"": ""Unspecified""}, ""Identifiability"": {""endIndexInSegment"": -1, ""startIndexInSegment"": -1, ""value"": ""Unspecified""}, ""Does/Does Not"": {""endIndexInSegment"": -1, ""startIndexInSegment"": -1, ""value"": ""Does""}, ""User Type"": {""endIndexInSegment"": -1, ""startIndexInSegment"": -1, ""value"": ""Unspecified""}, ""Purpose"": {""endIndexInSegment"": 142, ""startIndexInSegment"": 128, ""selectedText"": ""Momentum membe"", ""value"": ""Additional service/feature""}}",Not specified,http://mohegansun.com/about-mohegan-sun/privacy-policy.html
6766,test_category_labeling_highlight,82,3722,2,Third Party Sharing/Collection,"{""Third Party Entity"": {""endIndexInSegment"": 361, ""startIndexInSegment"": 345, ""selectedText"": ""any third party."", ""value"": ""Unnamed third party""}, ""Choice Scope"": {""endIndexInSegment"": -1, ""startIndexInSegment"": -1, ""value"": ""Unspecified""}, ""Purpose"": {""endIndexInSegment"": 143, ""startIndexInSegment"": 128, ""selectedText"": ""Momentum member"", ""value"": ""Additional service/feature""}, ""Personal Information Type"": {""endIndexInSegment"": 288, ""startIndexInSegment"": 243, ""selectedText"": ""name, address, phone number and email address"", ""value"": ""Contact""}, ""Choice Type"": {""endIndexInSegment"": -1, ""startIndexInSegment"": -1, ""value"": ""Unspecified""}, ""Identifiability"": {""endIndexInSegment"": -1, ""startIndexInSegment"": -1, ""value"": ""Unspecified""}, ""Does/Does Not"": {""endIndexInSegment"": 326, ""startIndexInSegment"": 321, ""selectedText"": ""not s"", ""value"": ""Does Not""}, ""User Type"": {""endIndexInSegment"": -1, ""startIndexInSegment"": -1, ""value"": ""Unspecified""}, ""Action Third Party"": {""endIndexInSegment"": 330, ""startIndexInSegment"": 325, ""selectedText"": ""share"", ""value"": ""Receive/Shared with""}}",Not specified,http://mohegansun.com/about-mohegan-sun/privacy-policy.html
4946,test_category_labeling_highlight,84,3722,3,"User Access, Edit and Deletion","{""Access Type"": {""endIndexInSegment"": 110, ""startIndexInSegment"": 103, ""selectedText"": ""updated"", ""value"": ""Edit information""}, ""User Type"": {""endIndexInSegment"": -1, ""startIndexInSegment"": -1, ""value"": ""Unspecified""}, ""Access Scope"": {""endIndexInSegment"": -1, ""startIndexInSegment"": -1, ""value"": ""Unspecified""}}",Not specified,http://mohegansun.com/about-mohegan-sun/privacy-policy.html
5979,test_category_labeling_highlight,88,3722,3,"User Access, Edit and Deletion","{""Access Type"": {""endIndexInSegment"": 177, ""startIndexInSegment"": 41, ""selectedText"": ""Certain information, such as address or email address, can be updated or corrected simply by calling Customer Service at 1.888.777.7920."", ""value"": ""Edit information""}, ""User Type"": {""endIndexInSegment"": -1, ""startIndexInSegment"": -1, ""value"": ""Unspecified""}, ""Access Scope"": {""endIndexInSegment"": 177, ""startIndexInSegment"": 41, ""selectedText"": ""Certain information, such as address or email address, can be updated or corrected simply by calling Customer Service at 1.888.777.7920."", ""value"": ""User account data""}}",Not specified,http://mohegansun.com/about-mohegan-sun/privacy-policy.html
6757,test_category_labeling_highlight,82,3722,3,"User Access, Edit and Deletion","{""Access Type"": {""endIndexInSegment"": 122, ""startIndexInSegment"": 41, ""selectedText"": ""Certain information, such as address or email address, can be updated or correcte"", ""value"": ""Edit information""}, ""User Type"": {""endIndexInSegment"": -1, ""startIndexInSegment"": -1, ""value"": ""Unspecified""}, ""Access Scope"": {""endIndexInSegment"": 95, ""startIndexInSegment"": 71, ""selectedText"": ""ddress or email address,"", ""value"": ""User account data""}}",Not specified,http://mohegansun.com/about-mohegan-sun/privacy-policy.html
6758,test_category_labeling_highlight,82,3722,3,Other,"{""Other Type"": {""endIndexInSegment"": 177, ""startIndexInSegment"": 139, ""selectedText"": ""ng Customer Service at 1.888.777.7920."", ""value"": ""Privacy contact information""}}",Not specified,http://mohegansun.com/about-mohegan-sun/privacy-policy.html
4947,test_category_labeling_highlight,84,3722,4,International and Specific Audiences,"{""Audience Type"": {""endIndexInSegment"": 555, ""startIndexInSegment"": 38, ""selectedText"": ""This site is not intended for children. Children may use this site only with the direct supervision of their parent or legal guardian. We do not attempt to collect any data or personal information from children. Any parents or guardians who are aware of children submitting information should notify us at once of the specific information so that we may remove them from any mailing lists. All recipients of any online promotions must be 21 years of age or older. Age is verified upon contact of the specified winner."", ""value"": ""Children""}}",Not specified,http://mohegansun.com/about-mohegan-sun/privacy-policy.html
5978,test_category_labeling_highlight,88,3722,4,International and Specific Audiences,"{""Audience Type"": {""endIndexInSegment"": 555, ""startIndexInSegment"": 38, ""selectedText"": ""This site is not intended for children. Children may use this site only with the direct supervision of their parent or legal guardian. We do not attempt to collect any data or personal information from children. Any parents or guardians who are aware of children submitting information should notify us at once of the specific information so that we may remove them from any mailing lists. All recipients of any online promotions must be 21 years of age or older. Age is verified upon contact of the specified winner."", ""value"": ""Children""}}",Not specified,http://mohegansun.com/about-mohegan-sun/privacy-policy.html
6755,test_category_labeling_highlight,82,3722,4,International and Specific Audiences,"{""Audience Type"": {""endIndexInSegment"": -1, ""startIndexInSegment"": -1, ""value"": ""Children""}}",Not specified,http://mohegansun.com/about-mohegan-sun/privacy-policy.html
6756,test_category_labeling_highlight,82,3722,4,First Party Collection/Use,"{""Collection Mode"": {""endIndexInSegment"": -1, ""startIndexInSegment"": -1, ""value"": ""Unspecified""}, ""Choice Scope"": {""endIndexInSegment"": -1, ""startIndexInSegment"": -1, ""value"": ""Unspecified""}, ""Action First-Party"": {""endIndexInSegment"": -1, ""startIndexInSegment"": -1, ""value"": ""Unspecified""}, ""Personal Information Type"": {""endIndexInSegment"": 234, ""startIndexInSegment"": 215, ""selectedText"": ""ersonal information"", ""value"": ""Generic personal information""}, ""Choice Type"": {""endIndexInSegment"": -1, ""startIndexInSegment"": -1, ""value"": ""Unspecified""}, ""Identifiability"": {""endIndexInSegment"": -1, ""startIndexInSegment"": -1, ""value"": ""Unspecified""}, ""Does/Does Not"": {""endIndexInSegment"": 182, ""startIndexInSegment"": 176, ""selectedText"": ""do not"", ""value"": ""Does Not""}, ""User Type"": {""endIndexInSegment"": 248, ""startIndexInSegment"": 240, ""selectedText"": ""children"", ""value"": ""Unspecified""}, ""Purpose"": {""endIndexInSegment"": -1, ""startIndexInSegment"": -1, ""value"": ""Unspecified""}}",Not specified,http://mohegansun.com/about-mohegan-sun/privacy-policy.html
4948,test_category_labeling_highlight,84,3722,5,Other,"{""Other Type"": {""endIndexInSegment"": 220, ""startIndexInSegment"": 33, ""selectedText"": ""If you have a question regarding any of the above information, please contact us at the following email address and we will be happy to get back to you. Contact information@mohegansun.com"", ""value"": ""Privacy contact information""}}",Not specified,http://mohegansun.com/about-mohegan-sun/privacy-policy.html
5977,test_category_labeling_highlight,88,3722,5,Other,"{""Other Type"": {""endIndexInSegment"": 220, ""startIndexInSegment"": 194, ""selectedText"": ""information@mohegansun.com"", ""value"": ""Privacy contact information""}}",Not specified,http://mohegansun.com/about-mohegan-sun/privacy-policy.html
6753,test_category_labeling_highlight,82,3722,5,Other,"{""Other Type"": {""endIndexInSegment"": 220, ""startIndexInSegment"": 33, ""selectedText"": ""If you have a question regarding any of the above information, please contact us at the following email address and we will be happy to get back to you. Contact information@mohegansun.com"", ""value"": ""Privacy contact information""}}",Not specified,http://mohegansun.com/about-mohegan-sun/privacy-policy.html
4949,test_category_labeling_highlight,84,3722,6,Other,"{""Other Type"": {""endIndexInSegment"": 190, ""startIndexInSegment"": 67, ""selectedText"": ""1 Mohegan Sun Boulevard Uncasville, CT 06382 For General Information: 1.888.226.7711 For Hotel Reservations: 1.888.777.7922"", ""value"": ""Privacy contact information""}}",Not specified,http://mohegansun.com/about-mohegan-sun/privacy-policy.html
5976,test_category_labeling_highlight,88,3722,6,Other,"{""Other Type"": {""endIndexInSegment"": 151, ""startIndexInSegment"": 67, ""selectedText"": ""1 Mohegan Sun Boulevard Uncasville, CT 06382 For General Information: 1.888.226.7711"", ""value"": ""Privacy contact information""}}",Not specified,http://mohegansun.com/about-mohegan-sun/privacy-policy.html
6754,test_category_labeling_highlight,82,3722,6,Other,"{""Other Type"": {""endIndexInSegment"": 190, ""startIndexInSegment"": 67, ""selectedText"": ""1 Mohegan Sun Boulevard Uncasville, CT 06382 For General Information: 1.888.226.7711 For Hotel Reservations: 1.888.777.7922"", ""value"": ""Privacy contact information""}}",Not specified,http://mohegansun.com/about-mohegan-sun/privacy-policy.html
