C2943,test_category_labeling_highlight_upitt,123,3698,0,Other,"{""Other Type"": {""endIndexInSegment"": 59, ""startIndexInSegment"": 9, ""selectedText"": ""Privacy statement Farlex, Inc."", ""value"": ""Introductory/Generic""}}",12/1/04,http://www.thefreedictionary.com/privacy-policy.htm
C2944,test_category_labeling_highlight_upitt,123,3698,1,Other,"{""Other Type"": {""endIndexInSegment"": 443, ""startIndexInSegment"": 0, ""selectedText"": ""Farlex is a privately owned corporation operating in Pennsylvania, USA. Farlex is committed to providing you with excellent service for all of our products. We respect your right to privacy, and have developed this Privacy Statement to inform you about our privacy practices for the entire Farlex Web site and all its entities (which includes the farlex.com, thefreedictionary.com, thefreelibrary.com, tfd.com, and spellingcenter.com domains)."", ""value"": ""Introductory/Generic""}}",12/1/04,http://www.thefreedictionary.com/privacy-policy.htm
C2945,test_category_labeling_highlight_upitt,95,3698,2,First Party Collection/Use,"{""Collection Mode"": {""endIndexInSegment"": 504, ""startIndexInSegment"": 477, ""selectedText"": ""you may be asked to provide"", ""value"": ""Explicit""}, ""Choice Scope"": {""endIndexInSegment"": 549, ""startIndexInSegment"": 497, ""selectedText"": ""provide certain personal and credit card information"", ""value"": ""Collection""}, ""Action First-Party"": {""endIndexInSegment"": 275, ""startIndexInSegment"": 266, ""selectedText"": ""Web sites"", ""value"": ""Collect on website""}, ""Personal Information Type"": {""endIndexInSegment"": 521, ""startIndexInSegment"": 505, ""selectedText"": ""certain personal"", ""value"": ""Generic personal information""}, ""Choice Type"": {""endIndexInSegment"": 475, ""startIndexInSegment"": 429, ""selectedText"": ""If you are subscribing to our premium products"", ""value"": ""Opt-in""}, ""Identifiability"": {""endIndexInSegment"": 521, ""startIndexInSegment"": 505, ""selectedText"": ""certain personal"", ""value"": ""Unspecified""}, ""Does/Does Not"": {""endIndexInSegment"": 504, ""startIndexInSegment"": 477, ""selectedText"": ""you may be asked to provide"", ""value"": ""Does""}, ""User Type"": {""endIndexInSegment"": -1, ""startIndexInSegment"": -1, ""value"": ""Unspecified""}, ""Purpose"": {""endIndexInSegment"": 475, ""startIndexInSegment"": 440, ""selectedText"": ""subscribing to our premium products"", ""value"": ""Additional service/feature""}}",12/1/04,http://www.thefreedictionary.com/privacy-policy.htm
C2946,test_category_labeling_highlight_upitt,95,3698,2,First Party Collection/Use,"{""Collection Mode"": {""endIndexInSegment"": 504, ""startIndexInSegment"": 477, ""selectedText"": ""you may be asked to provide"", ""value"": ""Explicit""}, ""Choice Scope"": {""endIndexInSegment"": 549, ""startIndexInSegment"": 497, ""selectedText"": ""provide certain personal and credit card information"", ""value"": ""Collection""}, ""Action First-Party"": {""endIndexInSegment"": 275, ""startIndexInSegment"": 266, ""selectedText"": ""Web sites"", ""value"": ""Collect on website""}, ""Personal Information Type"": {""endIndexInSegment"": 549, ""startIndexInSegment"": 526, ""selectedText"": ""credit card information"", ""value"": ""Financial""}, ""Choice Type"": {""endIndexInSegment"": 475, ""startIndexInSegment"": 429, ""selectedText"": ""If you are subscribing to our premium products"", ""value"": ""Opt-in""}, ""Identifiability"": {""endIndexInSegment"": 521, ""startIndexInSegment"": 505, ""selectedText"": ""certain personal"", ""value"": ""Unspecified""}, ""Does/Does Not"": {""endIndexInSegment"": 504, ""startIndexInSegment"": 477, ""selectedText"": ""you may be asked to provide"", ""value"": ""Does""}, ""User Type"": {""endIndexInSegment"": -1, ""startIndexInSegment"": -1, ""value"": ""Unspecified""}, ""Purpose"": {""endIndexInSegment"": 475, ""startIndexInSegment"": 440, ""selectedText"": ""subscribing to our premium products"", ""value"": ""Additional service/feature""}}",12/1/04,http://www.thefreedictionary.com/privacy-policy.htm
C2947,test_category_labeling_highlight_upitt,123,3698,2,First Party Collection/Use,"{""Collection Mode"": {""endIndexInSegment"": 426, ""startIndexInSegment"": 351, ""selectedText"": ""we do not collect personal information from you unless you provide it to us"", ""value"": ""Implicit""}, ""Choice Scope"": {""endIndexInSegment"": -1, ""startIndexInSegment"": -1, ""value"": ""Unspecified""}, ""Action First-Party"": {""endIndexInSegment"": 330, ""startIndexInSegment"": 319, ""selectedText"": ""to our site"", ""value"": ""Collect on website""}, ""Personal Information Type"": {""endIndexInSegment"": 389, ""startIndexInSegment"": 369, ""selectedText"": ""personal information"", ""value"": ""Unspecified""}, ""Choice Type"": {""endIndexInSegment"": -1, ""startIndexInSegment"": -1, ""value"": ""Unspecified""}, ""Identifiability"": {""endIndexInSegment"": -1, ""startIndexInSegment"": -1, ""value"": ""Unspecified""}, ""Does/Does Not"": {""endIndexInSegment"": 368, ""startIndexInSegment"": 351, ""selectedText"": ""we do not collect"", ""value"": ""Does Not""}, ""User Type"": {""endIndexInSegment"": 305, ""startIndexInSegment"": 295, ""selectedText"": ""subscriber"", ""value"": ""User with account""}, ""Purpose"": {""endIndexInSegment"": -1, ""startIndexInSegment"": -1, ""value"": ""Unspecified""}}",12/1/04,http://www.thefreedictionary.com/privacy-policy.htm
4463,test_category_labeling_highlight_upitt,95,3698,2,Other,"{""Other Type"": {""endIndexInSegment"": 276, ""startIndexInSegment"": 38, ""selectedText"": ""Privacy is of great concern to most users of the Internet, and is a critical part of an enjoyable and satisfactory user experience. We at Farlex are sensitive to the privacy concerns of our subscribers and other visitors to our Web sites."", ""value"": ""Introductory/Generic""}}",12/1/04,http://www.thefreedictionary.com/privacy-policy.htm
4464,test_category_labeling_highlight_upitt,95,3698,2,First Party Collection/Use,"{""Collection Mode"": {""endIndexInSegment"": 426, ""startIndexInSegment"": 361, ""selectedText"": ""collect personal information from you unless you provide it to us"", ""value"": ""Implicit""}, ""Choice Scope"": {""endIndexInSegment"": 426, ""startIndexInSegment"": 361, ""selectedText"": ""collect personal information from you unless you provide it to us"", ""value"": ""Collection""}, ""Action First-Party"": {""endIndexInSegment"": 398, ""startIndexInSegment"": 361, ""selectedText"": ""collect personal information from you"", ""value"": ""Unspecified""}, ""Personal Information Type"": {""endIndexInSegment"": -1, ""startIndexInSegment"": -1, ""value"": ""Unspecified""}, ""Choice Type"": {""endIndexInSegment"": 426, ""startIndexInSegment"": 399, ""selectedText"": ""unless you provide it to us"", ""value"": ""Opt-in""}, ""Identifiability"": {""endIndexInSegment"": 389, ""startIndexInSegment"": 369, ""selectedText"": ""personal information"", ""value"": ""Unspecified""}, ""Does/Does Not"": {""endIndexInSegment"": 360, ""startIndexInSegment"": 351, ""selectedText"": ""we do not"", ""value"": ""Does Not""}, ""User Type"": {""endIndexInSegment"": -1, ""startIndexInSegment"": -1, ""value"": ""Unspecified""}, ""Purpose"": {""endIndexInSegment"": -1, ""startIndexInSegment"": -1, ""value"": ""Unspecified""}}",12/1/04,http://www.thefreedictionary.com/privacy-policy.htm
4467,test_category_labeling_highlight_upitt,95,3698,2,Third Party Sharing/Collection,"{""Third Party Entity"": {""endIndexInSegment"": 785, ""startIndexInSegment"": 779, ""selectedText"": ""anyone"", ""value"": ""Other""}, ""Choice Scope"": {""endIndexInSegment"": -1, ""startIndexInSegment"": -1, ""value"": ""Unspecified""}, ""Purpose"": {""endIndexInSegment"": -1, ""startIndexInSegment"": -1, ""value"": ""Unspecified""}, ""Personal Information Type"": {""endIndexInSegment"": -1, ""startIndexInSegment"": -1, ""value"": ""Unspecified""}, ""Choice Type"": {""endIndexInSegment"": -1, ""startIndexInSegment"": -1, ""value"": ""Unspecified""}, ""Identifiability"": {""endIndexInSegment"": 738, ""startIndexInSegment"": 727, ""selectedText"": ""information"", ""value"": ""Unspecified""}, ""Does/Does Not"": {""endIndexInSegment"": 710, ""startIndexInSegment"": 704, ""selectedText"": ""do not"", ""value"": ""Does Not""}, ""User Type"": {""endIndexInSegment"": -1, ""startIndexInSegment"": -1, ""value"": ""Unspecified""}, ""Action Third Party"": {""endIndexInSegment"": 718, ""startIndexInSegment"": 711, ""selectedText"": ""provide"", ""value"": ""Receive/Shared with""}}",12/1/04,http://www.thefreedictionary.com/privacy-policy.htm
4468,test_category_labeling_highlight_upitt,95,3698,2,Third Party Sharing/Collection,"{""Third Party Entity"": {""endIndexInSegment"": 785, ""startIndexInSegment"": 779, ""selectedText"": ""anyone"", ""value"": ""Other""}, ""Choice Scope"": {""endIndexInSegment"": -1, ""startIndexInSegment"": -1, ""value"": ""Unspecified""}, ""Purpose"": {""endIndexInSegment"": -1, ""startIndexInSegment"": -1, ""value"": ""Unspecified""}, ""Personal Information Type"": {""endIndexInSegment"": -1, ""startIndexInSegment"": -1, ""value"": ""Unspecified""}, ""Choice Type"": {""endIndexInSegment"": -1, ""startIndexInSegment"": -1, ""value"": ""Unspecified""}, ""Identifiability"": {""endIndexInSegment"": 738, ""startIndexInSegment"": 727, ""selectedText"": ""information"", ""value"": ""Unspecified""}, ""Does/Does Not"": {""endIndexInSegment"": 710, ""startIndexInSegment"": 704, ""selectedText"": ""do not"", ""value"": ""Does Not""}, ""User Type"": {""endIndexInSegment"": -1, ""startIndexInSegment"": -1, ""value"": ""Unspecified""}, ""Action Third Party"": {""endIndexInSegment"": 726, ""startIndexInSegment"": 722, ""selectedText"": ""sell"", ""value"": ""Other""}}",12/1/04,http://www.thefreedictionary.com/privacy-policy.htm
4469,test_category_labeling_highlight_upitt,95,3698,2,Third Party Sharing/Collection,"{""Third Party Entity"": {""endIndexInSegment"": 821, ""startIndexInSegment"": 797, ""selectedText"": ""payment gateway provider"", ""value"": ""Unnamed third party""}, ""Choice Scope"": {""endIndexInSegment"": -1, ""startIndexInSegment"": -1, ""value"": ""Unspecified""}, ""Purpose"": {""endIndexInSegment"": 868, ""startIndexInSegment"": 846, ""selectedText"": ""credit card processing"", ""value"": ""Basic service/feature""}, ""Personal Information Type"": {""endIndexInSegment"": -1, ""startIndexInSegment"": -1, ""value"": ""Unspecified""}, ""Choice Type"": {""endIndexInSegment"": -1, ""startIndexInSegment"": -1, ""value"": ""Unspecified""}, ""Identifiability"": {""endIndexInSegment"": 738, ""startIndexInSegment"": 727, ""selectedText"": ""information"", ""value"": ""Unspecified""}, ""Does/Does Not"": {""endIndexInSegment"": 792, ""startIndexInSegment"": 701, ""selectedText"": ""we do not provide or sell information about our customers or site visitors to anyone except"", ""value"": ""Does""}, ""User Type"": {""endIndexInSegment"": -1, ""startIndexInSegment"": -1, ""value"": ""Unspecified""}, ""Action Third Party"": {""endIndexInSegment"": 718, ""startIndexInSegment"": 711, ""selectedText"": ""provide"", ""value"": ""Receive/Shared with""}}",12/1/04,http://www.thefreedictionary.com/privacy-policy.htm
4470,test_category_labeling_highlight_upitt,95,3698,2,Third Party Sharing/Collection,"{""Third Party Entity"": {""endIndexInSegment"": 821, ""startIndexInSegment"": 797, ""selectedText"": ""payment gateway provider"", ""value"": ""Unnamed third party""}, ""Choice Scope"": {""endIndexInSegment"": -1, ""startIndexInSegment"": -1, ""value"": ""Unspecified""}, ""Purpose"": {""endIndexInSegment"": 868, ""startIndexInSegment"": 846, ""selectedText"": ""credit card processing"", ""value"": ""Basic service/feature""}, ""Personal Information Type"": {""endIndexInSegment"": -1, ""startIndexInSegment"": -1, ""value"": ""Unspecified""}, ""Choice Type"": {""endIndexInSegment"": -1, ""startIndexInSegment"": -1, ""value"": ""Unspecified""}, ""Identifiability"": {""endIndexInSegment"": 738, ""startIndexInSegment"": 727, ""selectedText"": ""information"", ""value"": ""Unspecified""}, ""Does/Does Not"": {""endIndexInSegment"": 792, ""startIndexInSegment"": 701, ""selectedText"": ""we do not provide or sell information about our customers or site visitors to anyone except"", ""value"": ""Does""}, ""User Type"": {""endIndexInSegment"": -1, ""startIndexInSegment"": -1, ""value"": ""Unspecified""}, ""Action Third Party"": {""endIndexInSegment"": 726, ""startIndexInSegment"": 722, ""selectedText"": ""sell"", ""value"": ""Other""}}",12/1/04,http://www.thefreedictionary.com/privacy-policy.htm
7502,test_category_labeling_highlight_upitt,103,3698,2,First Party Collection/Use,"{""Collection Mode"": {""endIndexInSegment"": 428, ""startIndexInSegment"": 277, ""selectedText"": ""Whether you are a subscriber or a visitor to our site, we assure you that we do not collect personal information from you unless you provide it to us ."", ""value"": ""Explicit""}, ""Choice Scope"": {""endIndexInSegment"": -1, ""startIndexInSegment"": -1, ""value"": ""not-selected""}, ""Action First-Party"": {""endIndexInSegment"": 330, ""startIndexInSegment"": 295, ""selectedText"": ""subscriber or a visitor to our site"", ""value"": ""Collect on website""}, ""Personal Information Type"": {""endIndexInSegment"": 550, ""startIndexInSegment"": 477, ""selectedText"": ""you may be asked to provide certain personal and credit card information."", ""value"": ""Financial""}, ""Choice Type"": {""endIndexInSegment"": -1, ""startIndexInSegment"": -1, ""value"": ""not-selected""}, ""Identifiability"": {""endIndexInSegment"": -1, ""startIndexInSegment"": -1, ""value"": ""not-selected""}, ""Does/Does Not"": {""endIndexInSegment"": -1, ""startIndexInSegment"": -1, ""value"": ""Does""}, ""User Type"": {""endIndexInSegment"": 476, ""startIndexInSegment"": 429, ""selectedText"": ""If you are subscribing to our premium products,"", ""value"": ""User with account""}, ""Purpose"": {""endIndexInSegment"": 869, ""startIndexInSegment"": 429, ""selectedText"": ""If you are subscribing to our premium products, you may be asked to provide certain personal and credit card information. Please note, however, that we are asking for this information for the limited purposes of managing your subscription. You should also be assured that we do not provide or sell information about our customers or site visitors to anyone except our payment gateway provider for the sole purpose of credit card processing."", ""value"": ""Basic service/feature""}}",12/1/04,http://www.thefreedictionary.com/privacy-policy.htm
14168,test_category_labeling_highlight_upitt,123,3698,2,First Party Collection/Use,"{""Collection Mode"": {""endIndexInSegment"": 426, ""startIndexInSegment"": 351, ""selectedText"": ""we do not collect personal information from you unless you provide it to us"", ""value"": ""Implicit""}, ""Choice Scope"": {""endIndexInSegment"": -1, ""startIndexInSegment"": -1, ""value"": ""Unspecified""}, ""Action First-Party"": {""endIndexInSegment"": 330, ""startIndexInSegment"": 319, ""selectedText"": ""to our site"", ""value"": ""Collect on website""}, ""Personal Information Type"": {""endIndexInSegment"": 389, ""startIndexInSegment"": 369, ""selectedText"": ""personal information"", ""value"": ""Unspecified""}, ""Choice Type"": {""endIndexInSegment"": -1, ""startIndexInSegment"": -1, ""value"": ""Unspecified""}, ""Identifiability"": {""endIndexInSegment"": -1, ""startIndexInSegment"": -1, ""value"": ""Unspecified""}, ""Does/Does Not"": {""endIndexInSegment"": 368, ""startIndexInSegment"": 351, ""selectedText"": ""we do not collect"", ""value"": ""Does Not""}, ""User Type"": {""endIndexInSegment"": 318, ""startIndexInSegment"": 311, ""selectedText"": ""visitor"", ""value"": ""User without account""}, ""Purpose"": {""endIndexInSegment"": -1, ""startIndexInSegment"": -1, ""value"": ""Unspecified""}}",12/1/04,http://www.thefreedictionary.com/privacy-policy.htm
14169,test_category_labeling_highlight_upitt,123,3698,2,First Party Collection/Use,"{""Collection Mode"": {""endIndexInSegment"": 426, ""startIndexInSegment"": 351, ""selectedText"": ""we do not collect personal information from you unless you provide it to us"", ""value"": ""Explicit""}, ""Choice Scope"": {""endIndexInSegment"": -1, ""startIndexInSegment"": -1, ""value"": ""Unspecified""}, ""Action First-Party"": {""endIndexInSegment"": 330, ""startIndexInSegment"": 319, ""selectedText"": ""to our site"", ""value"": ""Collect on website""}, ""Personal Information Type"": {""endIndexInSegment"": 389, ""startIndexInSegment"": 369, ""selectedText"": ""personal information"", ""value"": ""Unspecified""}, ""Choice Type"": {""endIndexInSegment"": -1, ""startIndexInSegment"": -1, ""value"": ""Unspecified""}, ""Identifiability"": {""endIndexInSegment"": -1, ""startIndexInSegment"": -1, ""value"": ""Unspecified""}, ""Does/Does Not"": {""endIndexInSegment"": 426, ""startIndexInSegment"": 351, ""selectedText"": ""we do not collect personal information from you unless you provide it to us"", ""value"": ""Does""}, ""User Type"": {""endIndexInSegment"": 305, ""startIndexInSegment"": 295, ""selectedText"": ""subscriber"", ""value"": ""User with account""}, ""Purpose"": {""endIndexInSegment"": -1, ""startIndexInSegment"": -1, ""value"": ""Unspecified""}}",12/1/04,http://www.thefreedictionary.com/privacy-policy.htm
14170,test_category_labeling_highlight_upitt,123,3698,2,First Party Collection/Use,"{""Collection Mode"": {""endIndexInSegment"": 426, ""startIndexInSegment"": 351, ""selectedText"": ""we do not collect personal information from you unless you provide it to us"", ""value"": ""Explicit""}, ""Choice Scope"": {""endIndexInSegment"": -1, ""startIndexInSegment"": -1, ""value"": ""Unspecified""}, ""Action First-Party"": {""endIndexInSegment"": 330, ""startIndexInSegment"": 319, ""selectedText"": ""to our site"", ""value"": ""Collect on website""}, ""Personal Information Type"": {""endIndexInSegment"": 389, ""startIndexInSegment"": 369, ""selectedText"": ""personal information"", ""value"": ""Unspecified""}, ""Choice Type"": {""endIndexInSegment"": -1, ""startIndexInSegment"": -1, ""value"": ""Unspecified""}, ""Identifiability"": {""endIndexInSegment"": -1, ""startIndexInSegment"": -1, ""value"": ""Unspecified""}, ""Does/Does Not"": {""endIndexInSegment"": 426, ""startIndexInSegment"": 351, ""selectedText"": ""we do not collect personal information from you unless you provide it to us"", ""value"": ""Does""}, ""User Type"": {""endIndexInSegment"": 318, ""startIndexInSegment"": 311, ""selectedText"": ""visitor"", ""value"": ""User without account""}, ""Purpose"": {""endIndexInSegment"": -1, ""startIndexInSegment"": -1, ""value"": ""Unspecified""}}",12/1/04,http://www.thefreedictionary.com/privacy-policy.htm
14248,test_category_labeling_highlight_upitt,123,3698,2,Third Party Sharing/Collection,"{""Third Party Entity"": {""endIndexInSegment"": 785, ""startIndexInSegment"": 779, ""selectedText"": ""anyone"", ""value"": ""Unnamed third party""}, ""Choice Scope"": {""endIndexInSegment"": -1, ""startIndexInSegment"": -1, ""value"": ""Unspecified""}, ""Purpose"": {""endIndexInSegment"": -1, ""startIndexInSegment"": -1, ""value"": ""Unspecified""}, ""Personal Information Type"": {""endIndexInSegment"": 738, ""startIndexInSegment"": 727, ""selectedText"": ""information"", ""value"": ""Unspecified""}, ""Choice Type"": {""endIndexInSegment"": -1, ""startIndexInSegment"": -1, ""value"": ""Unspecified""}, ""Identifiability"": {""endIndexInSegment"": 758, ""startIndexInSegment"": 749, ""selectedText"": ""customers"", ""value"": ""Unspecified""}, ""Does/Does Not"": {""endIndexInSegment"": 738, ""startIndexInSegment"": 701, ""selectedText"": ""we do not provide or sell information"", ""value"": ""Does Not""}, ""User Type"": {""endIndexInSegment"": 758, ""startIndexInSegment"": 749, ""selectedText"": ""customers"", ""value"": ""User with account""}, ""Action Third Party"": {""endIndexInSegment"": 738, ""startIndexInSegment"": 711, ""selectedText"": ""provide or sell information"", ""value"": ""Receive/Shared with""}}",12/1/04,http://www.thefreedictionary.com/privacy-policy.htm
14249,test_category_labeling_highlight_upitt,123,3698,2,Third Party Sharing/Collection,"{""Third Party Entity"": {""endIndexInSegment"": 785, ""startIndexInSegment"": 779, ""selectedText"": ""anyone"", ""value"": ""Unnamed third party""}, ""Choice Scope"": {""endIndexInSegment"": -1, ""startIndexInSegment"": -1, ""value"": ""Unspecified""}, ""Purpose"": {""endIndexInSegment"": -1, ""startIndexInSegment"": -1, ""value"": ""Unspecified""}, ""Personal Information Type"": {""endIndexInSegment"": 738, ""startIndexInSegment"": 727, ""selectedText"": ""information"", ""value"": ""Unspecified""}, ""Choice Type"": {""endIndexInSegment"": -1, ""startIndexInSegment"": -1, ""value"": ""Unspecified""}, ""Identifiability"": {""endIndexInSegment"": 758, ""startIndexInSegment"": 749, ""selectedText"": ""customers"", ""value"": ""Unspecified""}, ""Does/Does Not"": {""endIndexInSegment"": 738, ""startIndexInSegment"": 701, ""selectedText"": ""we do not provide or sell information"", ""value"": ""Does Not""}, ""User Type"": {""endIndexInSegment"": 775, ""startIndexInSegment"": 762, ""selectedText"": ""site visitors"", ""value"": ""User without account""}, ""Action Third Party"": {""endIndexInSegment"": 738, ""startIndexInSegment"": 711, ""selectedText"": ""provide or sell information"", ""value"": ""Receive/Shared with""}}",12/1/04,http://www.thefreedictionary.com/privacy-policy.htm
14250,test_category_labeling_highlight_upitt,123,3698,2,Third Party Sharing/Collection,"{""Third Party Entity"": {""endIndexInSegment"": 821, ""startIndexInSegment"": 793, ""selectedText"": ""our payment gateway provider"", ""value"": ""Named third party""}, ""Choice Scope"": {""endIndexInSegment"": -1, ""startIndexInSegment"": -1, ""value"": ""Unspecified""}, ""Purpose"": {""endIndexInSegment"": 869, ""startIndexInSegment"": 822, ""selectedText"": ""for the sole purpose of credit card processing."", ""value"": ""Basic service/feature""}, ""Personal Information Type"": {""endIndexInSegment"": 738, ""startIndexInSegment"": 727, ""selectedText"": ""information"", ""value"": ""Unspecified""}, ""Choice Type"": {""endIndexInSegment"": -1, ""startIndexInSegment"": -1, ""value"": ""Unspecified""}, ""Identifiability"": {""endIndexInSegment"": 758, ""startIndexInSegment"": 749, ""selectedText"": ""customers"", ""value"": ""Unspecified""}, ""Does/Does Not"": {""endIndexInSegment"": 792, ""startIndexInSegment"": 786, ""selectedText"": ""except"", ""value"": ""Does""}, ""User Type"": {""endIndexInSegment"": 758, ""startIndexInSegment"": 749, ""selectedText"": ""customers"", ""value"": ""User with account""}, ""Action Third Party"": {""endIndexInSegment"": 738, ""startIndexInSegment"": 711, ""selectedText"": ""provide or sell information"", ""value"": ""Receive/Shared with""}}",12/1/04,http://www.thefreedictionary.com/privacy-policy.htm
14251,test_category_labeling_highlight_upitt,123,3698,2,Third Party Sharing/Collection,"{""Third Party Entity"": {""endIndexInSegment"": 821, ""startIndexInSegment"": 793, ""selectedText"": ""our payment gateway provider"", ""value"": ""Named third party""}, ""Choice Scope"": {""endIndexInSegment"": -1, ""startIndexInSegment"": -1, ""value"": ""Unspecified""}, ""Purpose"": {""endIndexInSegment"": 869, ""startIndexInSegment"": 822, ""selectedText"": ""for the sole purpose of credit card processing."", ""value"": ""Basic service/feature""}, ""Personal Information Type"": {""endIndexInSegment"": 738, ""startIndexInSegment"": 727, ""selectedText"": ""information"", ""value"": ""Unspecified""}, ""Choice Type"": {""endIndexInSegment"": -1, ""startIndexInSegment"": -1, ""value"": ""Unspecified""}, ""Identifiability"": {""endIndexInSegment"": 758, ""startIndexInSegment"": 749, ""selectedText"": ""customers"", ""value"": ""Unspecified""}, ""Does/Does Not"": {""endIndexInSegment"": 792, ""startIndexInSegment"": 786, ""selectedText"": ""except"", ""value"": ""Does""}, ""User Type"": {""endIndexInSegment"": 775, ""startIndexInSegment"": 762, ""selectedText"": ""site visitors"", ""value"": ""User without account""}, ""Action Third Party"": {""endIndexInSegment"": 738, ""startIndexInSegment"": 711, ""selectedText"": ""provide or sell information"", ""value"": ""Receive/Shared with""}}",12/1/04,http://www.thefreedictionary.com/privacy-policy.htm
14252,test_category_labeling_highlight_upitt,123,3698,2,Other,"{""Other Type"": {""endIndexInSegment"": 1039, ""startIndexInSegment"": 870, ""selectedText"": ""Please note that our sites contain links to other sites. Farlex is not responsible for the privacy practices, privacy statements, or content regarding these other sites."", ""value"": ""Other""}}",12/1/04,http://www.thefreedictionary.com/privacy-policy.htm
C2948,test_category_labeling_highlight_upitt,103,3698,3,First Party Collection/Use,"{""Collection Mode"": {""endIndexInSegment"": -1, ""startIndexInSegment"": -1, ""value"": ""not-selected""}, ""Choice Scope"": {""endIndexInSegment"": -1, ""startIndexInSegment"": -1, ""value"": ""not-selected""}, ""Action First-Party"": {""endIndexInSegment"": 180, ""startIndexInSegment"": 168, ""selectedText"": ""to our sites"", ""value"": ""Collect on website""}, ""Personal Information Type"": {""endIndexInSegment"": 433, ""startIndexInSegment"": 308, ""selectedText"": ""racial or ethnic origin, political opinions, religious or philosophical beliefs, trade union membership, health, or sex life."", ""value"": ""Demographic""}, ""Choice Type"": {""endIndexInSegment"": -1, ""startIndexInSegment"": -1, ""value"": ""not-selected""}, ""Identifiability"": {""endIndexInSegment"": -1, ""startIndexInSegment"": -1, ""value"": ""not-selected""}, ""Does/Does Not"": {""endIndexInSegment"": 307, ""startIndexInSegment"": 243, ""selectedText"": ""Under no circumstances do we collect any personal data revealing"", ""value"": ""Does Not""}, ""User Type"": {""endIndexInSegment"": 167, ""startIndexInSegment"": 110, ""selectedText"": ""We do not collect any personal information from a visitor"", ""value"": ""User without account""}, ""Purpose"": {""endIndexInSegment"": 524, ""startIndexInSegment"": 110, ""selectedText"": ""We do not collect any personal information from a visitor to our sites unless that visitor explicitly and intentionally provides it. Under no circumstances do we collect any personal data revealing racial or ethnic origin, political opinions, religious or philosophical beliefs, trade union membership, health, or sex life. If you are simply browsing our sites, we do not gather any personal information about you."", ""value"": ""Other""}}",12/1/04,http://www.thefreedictionary.com/privacy-policy.htm
4471,test_category_labeling_highlight_upitt,95,3698,3,First Party Collection/Use,"{""Collection Mode"": {""endIndexInSegment"": 242, ""startIndexInSegment"": 181, ""selectedText"": ""unless that visitor explicitly and intentionally provides it."", ""value"": ""Implicit""}, ""Choice Scope"": {""endIndexInSegment"": 152, ""startIndexInSegment"": 120, ""selectedText"": ""collect any personal information"", ""value"": ""Collection""}, ""Action First-Party"": {""endIndexInSegment"": 180, ""startIndexInSegment"": 120, ""selectedText"": ""collect any personal information from a visitor to our sites"", ""value"": ""Collect on website""}, ""Personal Information Type"": {""endIndexInSegment"": -1, ""startIndexInSegment"": -1, ""value"": ""Unspecified""}, ""Choice Type"": {""endIndexInSegment"": 242, ""startIndexInSegment"": 181, ""selectedText"": ""unless that visitor explicitly and intentionally provides it."", ""value"": ""Opt-in""}, ""Identifiability"": {""endIndexInSegment"": 152, ""startIndexInSegment"": 132, ""selectedText"": ""personal information"", ""value"": ""Unspecified""}, ""Does/Does Not"": {""endIndexInSegment"": 39, ""startIndexInSegment"": 9, ""selectedText"": ""Information We Gather from You"", ""value"": ""Does""}, ""User Type"": {""endIndexInSegment"": -1, ""startIndexInSegment"": -1, ""value"": ""Unspecified""}, ""Purpose"": {""endIndexInSegment"": -1, ""startIndexInSegment"": -1, ""value"": ""Unspecified""}}",12/1/04,http://www.thefreedictionary.com/privacy-policy.htm
4472,test_category_labeling_highlight_upitt,95,3698,3,First Party Collection/Use,"{""Collection Mode"": {""endIndexInSegment"": 279, ""startIndexInSegment"": 266, ""selectedText"": ""do we collect"", ""value"": ""Unspecified""}, ""Choice Scope"": {""endIndexInSegment"": -1, ""startIndexInSegment"": -1, ""value"": ""Unspecified""}, ""Action First-Party"": {""endIndexInSegment"": 180, ""startIndexInSegment"": 175, ""selectedText"": ""sites"", ""value"": ""Collect on website""}, ""Personal Information Type"": {""endIndexInSegment"": 419, ""startIndexInSegment"": 413, ""selectedText"": ""health"", ""value"": ""Health""}, ""Choice Type"": {""endIndexInSegment"": -1, ""startIndexInSegment"": -1, ""value"": ""Unspecified""}, ""Identifiability"": {""endIndexInSegment"": 433, ""startIndexInSegment"": 284, ""selectedText"": ""personal data revealing racial or ethnic origin, political opinions, religious or philosophical beliefs, trade union membership, health, or sex life."", ""value"": ""Other""}, ""Does/Does Not"": {""endIndexInSegment"": 279, ""startIndexInSegment"": 243, ""selectedText"": ""Under no circumstances do we collect"", ""value"": ""Does Not""}, ""User Type"": {""endIndexInSegment"": -1, ""startIndexInSegment"": -1, ""value"": ""Unspecified""}, ""Purpose"": {""endIndexInSegment"": -1, ""startIndexInSegment"": -1, ""value"": ""Unspecified""}}",12/1/04,http://www.thefreedictionary.com/privacy-policy.htm
7504,test_category_labeling_highlight_upitt,103,3698,3,First Party Collection/Use,"{""Collection Mode"": {""endIndexInSegment"": -1, ""startIndexInSegment"": -1, ""value"": ""not-selected""}, ""Choice Scope"": {""endIndexInSegment"": -1, ""startIndexInSegment"": -1, ""value"": ""not-selected""}, ""Action First-Party"": {""endIndexInSegment"": 433, ""startIndexInSegment"": 110, ""selectedText"": ""We do not collect any personal information from a visitor to our sites unless that visitor explicitly and intentionally provides it. Under no circumstances do we collect any personal data revealing racial or ethnic origin, political opinions, religious or philosophical beliefs, trade union membership, health, or sex life."", ""value"": ""Collect on website""}, ""Personal Information Type"": {""endIndexInSegment"": 433, ""startIndexInSegment"": 308, ""selectedText"": ""racial or ethnic origin, political opinions, religious or philosophical beliefs, trade union membership, health, or sex life."", ""value"": ""Demographic""}, ""Choice Type"": {""endIndexInSegment"": -1, ""startIndexInSegment"": -1, ""value"": ""not-selected""}, ""Identifiability"": {""endIndexInSegment"": -1, ""startIndexInSegment"": -1, ""value"": ""not-selected""}, ""Does/Does Not"": {""endIndexInSegment"": 242, ""startIndexInSegment"": 110, ""selectedText"": ""We do not collect any personal information from a visitor to our sites unless that visitor explicitly and intentionally provides it."", ""value"": ""Does Not""}, ""User Type"": {""endIndexInSegment"": 524, ""startIndexInSegment"": 434, ""selectedText"": ""If you are simply browsing our sites, we do not gather any personal information about you."", ""value"": ""User without account""}, ""Purpose"": {""endIndexInSegment"": 524, ""startIndexInSegment"": 9, ""selectedText"": ""Information We Gather from You Personal Information We do not collect any personal information from a visitor to our sites unless that visitor explicitly and intentionally provides it. Under no circumstances do we collect any personal data revealing racial or ethnic origin, political opinions, religious or philosophical beliefs, trade union membership, health, or sex life. If you are simply browsing our sites, we do not gather any personal information about you."", ""value"": ""Unspecified""}}",12/1/04,http://www.thefreedictionary.com/privacy-policy.htm
14254,test_category_labeling_highlight_upitt,123,3698,3,First Party Collection/Use,"{""Collection Mode"": {""endIndexInSegment"": 242, ""startIndexInSegment"": 110, ""selectedText"": ""We do not collect any personal information from a visitor to our sites unless that visitor explicitly and intentionally provides it."", ""value"": ""Implicit""}, ""Choice Scope"": {""endIndexInSegment"": -1, ""startIndexInSegment"": -1, ""value"": ""Unspecified""}, ""Action First-Party"": {""endIndexInSegment"": 180, ""startIndexInSegment"": 171, ""selectedText"": ""our sites"", ""value"": ""Collect on website""}, ""Personal Information Type"": {""endIndexInSegment"": 152, ""startIndexInSegment"": 128, ""selectedText"": ""any personal information"", ""value"": ""Unspecified""}, ""Choice Type"": {""endIndexInSegment"": -1, ""startIndexInSegment"": -1, ""value"": ""Unspecified""}, ""Identifiability"": {""endIndexInSegment"": -1, ""startIndexInSegment"": -1, ""value"": ""Unspecified""}, ""Does/Does Not"": {""endIndexInSegment"": 127, ""startIndexInSegment"": 110, ""selectedText"": ""We do not collect"", ""value"": ""Does Not""}, ""User Type"": {""endIndexInSegment"": 167, ""startIndexInSegment"": 160, ""selectedText"": ""visitor"", ""value"": ""Unspecified""}, ""Purpose"": {""endIndexInSegment"": -1, ""startIndexInSegment"": -1, ""value"": ""Unspecified""}}",12/1/04,http://www.thefreedictionary.com/privacy-policy.htm
14256,test_category_labeling_highlight_upitt,123,3698,3,First Party Collection/Use,"{""Collection Mode"": {""endIndexInSegment"": 242, ""startIndexInSegment"": 193, ""selectedText"": ""visitor explicitly and intentionally provides it."", ""value"": ""Explicit""}, ""Choice Scope"": {""endIndexInSegment"": -1, ""startIndexInSegment"": -1, ""value"": ""Unspecified""}, ""Action First-Party"": {""endIndexInSegment"": 180, ""startIndexInSegment"": 171, ""selectedText"": ""our sites"", ""value"": ""Collect on website""}, ""Personal Information Type"": {""endIndexInSegment"": 152, ""startIndexInSegment"": 128, ""selectedText"": ""any personal information"", ""value"": ""Unspecified""}, ""Choice Type"": {""endIndexInSegment"": -1, ""startIndexInSegment"": -1, ""value"": ""Unspecified""}, ""Identifiability"": {""endIndexInSegment"": -1, ""startIndexInSegment"": -1, ""value"": ""Unspecified""}, ""Does/Does Not"": {""endIndexInSegment"": 187, ""startIndexInSegment"": 181, ""selectedText"": ""unless"", ""value"": ""Does""}, ""User Type"": {""endIndexInSegment"": 167, ""startIndexInSegment"": 160, ""selectedText"": ""visitor"", ""value"": ""Unspecified""}, ""Purpose"": {""endIndexInSegment"": -1, ""startIndexInSegment"": -1, ""value"": ""Unspecified""}}",12/1/04,http://www.thefreedictionary.com/privacy-policy.htm
14258,test_category_labeling_highlight_upitt,123,3698,3,First Party Collection/Use,"{""Collection Mode"": {""endIndexInSegment"": 265, ""startIndexInSegment"": 243, ""selectedText"": ""Under no circumstances"", ""value"": ""Unspecified""}, ""Choice Scope"": {""endIndexInSegment"": -1, ""startIndexInSegment"": -1, ""value"": ""Unspecified""}, ""Action First-Party"": {""endIndexInSegment"": 265, ""startIndexInSegment"": 243, ""selectedText"": ""Under no circumstances"", ""value"": ""Unspecified""}, ""Personal Information Type"": {""endIndexInSegment"": 433, ""startIndexInSegment"": 293, ""selectedText"": ""data revealing racial or ethnic origin, political opinions, religious or philosophical beliefs, trade union membership, health, or sex life."", ""value"": ""Demographic""}, ""Choice Type"": {""endIndexInSegment"": -1, ""startIndexInSegment"": -1, ""value"": ""Unspecified""}, ""Identifiability"": {""endIndexInSegment"": -1, ""startIndexInSegment"": -1, ""value"": ""Unspecified""}, ""Does/Does Not"": {""endIndexInSegment"": 297, ""startIndexInSegment"": 243, ""selectedText"": ""Under no circumstances do we collect any personal data"", ""value"": ""Does Not""}, ""User Type"": {""endIndexInSegment"": -1, ""startIndexInSegment"": -1, ""value"": ""Unspecified""}, ""Purpose"": {""endIndexInSegment"": 265, ""startIndexInSegment"": 243, ""selectedText"": ""Under no circumstances"", ""value"": ""Unspecified""}}",12/1/04,http://www.thefreedictionary.com/privacy-policy.htm
14260,test_category_labeling_highlight_upitt,123,3698,3,First Party Collection/Use,"{""Collection Mode"": {""endIndexInSegment"": 265, ""startIndexInSegment"": 243, ""selectedText"": ""Under no circumstances"", ""value"": ""Unspecified""}, ""Choice Scope"": {""endIndexInSegment"": -1, ""startIndexInSegment"": -1, ""value"": ""Unspecified""}, ""Action First-Party"": {""endIndexInSegment"": 265, ""startIndexInSegment"": 243, ""selectedText"": ""Under no circumstances"", ""value"": ""Unspecified""}, ""Personal Information Type"": {""endIndexInSegment"": 419, ""startIndexInSegment"": 413, ""selectedText"": ""health"", ""value"": ""Health""}, ""Choice Type"": {""endIndexInSegment"": -1, ""startIndexInSegment"": -1, ""value"": ""Unspecified""}, ""Identifiability"": {""endIndexInSegment"": -1, ""startIndexInSegment"": -1, ""value"": ""Unspecified""}, ""Does/Does Not"": {""endIndexInSegment"": 297, ""startIndexInSegment"": 243, ""selectedText"": ""Under no circumstances do we collect any personal data"", ""value"": ""Does Not""}, ""User Type"": {""endIndexInSegment"": -1, ""startIndexInSegment"": -1, ""value"": ""Unspecified""}, ""Purpose"": {""endIndexInSegment"": 265, ""startIndexInSegment"": 243, ""selectedText"": ""Under no circumstances"", ""value"": ""Unspecified""}}",12/1/04,http://www.thefreedictionary.com/privacy-policy.htm
14261,test_category_labeling_highlight_upitt,123,3698,3,First Party Collection/Use,"{""Collection Mode"": {""endIndexInSegment"": -1, ""startIndexInSegment"": -1, ""value"": ""Unspecified""}, ""Choice Scope"": {""endIndexInSegment"": -1, ""startIndexInSegment"": -1, ""value"": ""Unspecified""}, ""Action First-Party"": {""endIndexInSegment"": 470, ""startIndexInSegment"": 452, ""selectedText"": ""browsing our sites"", ""value"": ""Collect on website""}, ""Personal Information Type"": {""endIndexInSegment"": 513, ""startIndexInSegment"": 489, ""selectedText"": ""any personal information"", ""value"": ""Unspecified""}, ""Choice Type"": {""endIndexInSegment"": -1, ""startIndexInSegment"": -1, ""value"": ""Unspecified""}, ""Identifiability"": {""endIndexInSegment"": -1, ""startIndexInSegment"": -1, ""value"": ""Unspecified""}, ""Does/Does Not"": {""endIndexInSegment"": 488, ""startIndexInSegment"": 472, ""selectedText"": ""we do not gather"", ""value"": ""Does Not""}, ""User Type"": {""endIndexInSegment"": -1, ""startIndexInSegment"": -1, ""value"": ""Unspecified""}, ""Purpose"": {""endIndexInSegment"": -1, ""startIndexInSegment"": -1, ""value"": ""Unspecified""}}",12/1/04,http://www.thefreedictionary.com/privacy-policy.htm
C2949,test_category_labeling_highlight_upitt,95,3698,4,First Party Collection/Use,"{""Collection Mode"": {""endIndexInSegment"": 151, ""startIndexInSegment"": 107, ""selectedText"": ""we will request certain information from you"", ""value"": ""Explicit""}, ""Choice Scope"": {""endIndexInSegment"": 142, ""startIndexInSegment"": 107, ""selectedText"": ""we will request certain information"", ""value"": ""Collection""}, ""Action First-Party"": {""endIndexInSegment"": -1, ""startIndexInSegment"": -1, ""value"": ""Unspecified""}, ""Personal Information Type"": {""endIndexInSegment"": 212, ""startIndexInSegment"": 165, ""selectedText"": ""name, address, telephone number, e-mail address"", ""value"": ""Contact""}, ""Choice Type"": {""endIndexInSegment"": 56, ""startIndexInSegment"": 43, ""selectedText"": ""If you choose"", ""value"": ""Opt-in""}, ""Identifiability"": {""endIndexInSegment"": 242, ""startIndexInSegment"": 165, ""selectedText"": ""name, address, telephone number, e-mail address, and credit card information."", ""value"": ""Identifiable""}, ""Does/Does Not"": {""endIndexInSegment"": 151, ""startIndexInSegment"": 107, ""selectedText"": ""we will request certain information from you"", ""value"": ""Does""}, ""User Type"": {""endIndexInSegment"": -1, ""startIndexInSegment"": -1, ""value"": ""Unspecified""}, ""Purpose"": {""endIndexInSegment"": 105, ""startIndexInSegment"": 60, ""selectedText"": ""subscribe to our premium products or services"", ""value"": ""Additional service/feature""}}",12/1/04,http://www.thefreedictionary.com/privacy-policy.htm
C2950,test_category_labeling_highlight_upitt,95,3698,4,First Party Collection/Use,"{""Collection Mode"": {""endIndexInSegment"": 151, ""startIndexInSegment"": 107, ""selectedText"": ""we will request certain information from you"", ""value"": ""Explicit""}, ""Choice Scope"": {""endIndexInSegment"": 142, ""startIndexInSegment"": 107, ""selectedText"": ""we will request certain information"", ""value"": ""Collection""}, ""Action First-Party"": {""endIndexInSegment"": -1, ""startIndexInSegment"": -1, ""value"": ""Unspecified""}, ""Personal Information Type"": {""endIndexInSegment"": 241, ""startIndexInSegment"": 218, ""selectedText"": ""credit card information"", ""value"": ""Financial""}, ""Choice Type"": {""endIndexInSegment"": 56, ""startIndexInSegment"": 43, ""selectedText"": ""If you choose"", ""value"": ""Opt-in""}, ""Identifiability"": {""endIndexInSegment"": 242, ""startIndexInSegment"": 165, ""selectedText"": ""name, address, telephone number, e-mail address, and credit card information."", ""value"": ""Identifiable""}, ""Does/Does Not"": {""endIndexInSegment"": 151, ""startIndexInSegment"": 107, ""selectedText"": ""we will request certain information from you"", ""value"": ""Does""}, ""User Type"": {""endIndexInSegment"": -1, ""startIndexInSegment"": -1, ""value"": ""Unspecified""}, ""Purpose"": {""endIndexInSegment"": 105, ""startIndexInSegment"": 60, ""selectedText"": ""subscribe to our premium products or services"", ""value"": ""Additional service/feature""}}",12/1/04,http://www.thefreedictionary.com/privacy-policy.htm
7506,test_category_labeling_highlight_upitt,103,3698,4,First Party Collection/Use,"{""Collection Mode"": {""endIndexInSegment"": -1, ""startIndexInSegment"": -1, ""value"": ""not-selected""}, ""Choice Scope"": {""endIndexInSegment"": -1, ""startIndexInSegment"": -1, ""value"": ""not-selected""}, ""Action First-Party"": {""endIndexInSegment"": 142, ""startIndexInSegment"": 43, ""selectedText"": ""If you choose to subscribe to our premium products or services, we will request certain information"", ""value"": ""Collect on website""}, ""Personal Information Type"": {""endIndexInSegment"": 213, ""startIndexInSegment"": 165, ""selectedText"": ""name, address, telephone number, e-mail address,"", ""value"": ""Contact""}, ""Choice Type"": {""endIndexInSegment"": -1, ""startIndexInSegment"": -1, ""value"": ""not-selected""}, ""Identifiability"": {""endIndexInSegment"": -1, ""startIndexInSegment"": -1, ""value"": ""not-selected""}, ""Does/Does Not"": {""endIndexInSegment"": -1, ""startIndexInSegment"": -1, ""value"": ""Does""}, ""User Type"": {""endIndexInSegment"": 106, ""startIndexInSegment"": 43, ""selectedText"": ""If you choose to subscribe to our premium products or services,"", ""value"": ""User with account""}, ""Purpose"": {""endIndexInSegment"": 242, ""startIndexInSegment"": 9, ""selectedText"": ""Subscriptions If you choose to subscribe to our premium products or services, we will request certain information from you such as your name, address, telephone number, e-mail address, and credit card information."", ""value"": ""Unspecified""}}",12/1/04,http://www.thefreedictionary.com/privacy-policy.htm
7507,test_category_labeling_highlight_upitt,103,3698,4,First Party Collection/Use,"{""Collection Mode"": {""endIndexInSegment"": -1, ""startIndexInSegment"": -1, ""value"": ""not-selected""}, ""Choice Scope"": {""endIndexInSegment"": -1, ""startIndexInSegment"": -1, ""value"": ""not-selected""}, ""Action First-Party"": {""endIndexInSegment"": 142, ""startIndexInSegment"": 43, ""selectedText"": ""If you choose to subscribe to our premium products or services, we will request certain information"", ""value"": ""Collect on website""}, ""Personal Information Type"": {""endIndexInSegment"": 241, ""startIndexInSegment"": 218, ""selectedText"": ""credit card information"", ""value"": ""Financial""}, ""Choice Type"": {""endIndexInSegment"": -1, ""startIndexInSegment"": -1, ""value"": ""not-selected""}, ""Identifiability"": {""endIndexInSegment"": -1, ""startIndexInSegment"": -1, ""value"": ""not-selected""}, ""Does/Does Not"": {""endIndexInSegment"": -1, ""startIndexInSegment"": -1, ""value"": ""Does""}, ""User Type"": {""endIndexInSegment"": 106, ""startIndexInSegment"": 43, ""selectedText"": ""If you choose to subscribe to our premium products or services,"", ""value"": ""User with account""}, ""Purpose"": {""endIndexInSegment"": 242, ""startIndexInSegment"": 9, ""selectedText"": ""Subscriptions If you choose to subscribe to our premium products or services, we will request certain information from you such as your name, address, telephone number, e-mail address, and credit card information."", ""value"": ""Unspecified""}}",12/1/04,http://www.thefreedictionary.com/privacy-policy.htm
C2951,test_category_labeling_highlight_upitt,95,3698,5,First Party Collection/Use,"{""Collection Mode"": {""endIndexInSegment"": 135, ""startIndexInSegment"": 114, ""selectedText"": ""automatically collect"", ""value"": ""Implicit""}, ""Choice Scope"": {""endIndexInSegment"": -1, ""startIndexInSegment"": -1, ""value"": ""Unspecified""}, ""Action First-Party"": {""endIndexInSegment"": 94, ""startIndexInSegment"": 70, ""selectedText"": ""When you visit our sites"", ""value"": ""Collect on website""}, ""Personal Information Type"": {""endIndexInSegment"": 465, ""startIndexInSegment"": 440, ""selectedText"": ""which browsers people use"", ""value"": ""Computer information""}, ""Choice Type"": {""endIndexInSegment"": -1, ""startIndexInSegment"": -1, ""value"": ""Unspecified""}, ""Identifiability"": {""endIndexInSegment"": 523, ""startIndexInSegment"": 512, ""selectedText"": ""aggregation"", ""value"": ""Aggregated or anonymized""}, ""Does/Does Not"": {""endIndexInSegment"": 135, ""startIndexInSegment"": 96, ""selectedText"": ""our computers may automatically collect"", ""value"": ""Does""}, ""User Type"": {""endIndexInSegment"": -1, ""startIndexInSegment"": -1, ""value"": ""Unspecified""}, ""Purpose"": {""endIndexInSegment"": 617, ""startIndexInSegment"": 539, ""selectedText"": ""These statistics are used to help us improve the performance of our Web sites."", ""value"": ""Analytics/Research""}}",12/1/04,http://www.thefreedictionary.com/privacy-policy.htm
C2952,test_category_labeling_highlight_upitt,95,3698,5,First Party Collection/Use,"{""Collection Mode"": {""endIndexInSegment"": 135, ""startIndexInSegment"": 114, ""selectedText"": ""automatically collect"", ""value"": ""Implicit""}, ""Choice Scope"": {""endIndexInSegment"": -1, ""startIndexInSegment"": -1, ""value"": ""Unspecified""}, ""Action First-Party"": {""endIndexInSegment"": 94, ""startIndexInSegment"": 70, ""selectedText"": ""When you visit our sites"", ""value"": ""Collect on website""}, ""Personal Information Type"": {""endIndexInSegment"": 346, ""startIndexInSegment"": 329, ""selectedText"": ""user's IP address"", ""value"": ""IP address and device IDs""}, ""Choice Type"": {""endIndexInSegment"": -1, ""startIndexInSegment"": -1, ""value"": ""Unspecified""}, ""Identifiability"": {""endIndexInSegment"": 523, ""startIndexInSegment"": 512, ""selectedText"": ""aggregation"", ""value"": ""Aggregated or anonymized""}, ""Does/Does Not"": {""endIndexInSegment"": 135, ""startIndexInSegment"": 96, ""selectedText"": ""our computers may automatically collect"", ""value"": ""Does""}, ""User Type"": {""endIndexInSegment"": -1, ""startIndexInSegment"": -1, ""value"": ""Unspecified""}, ""Purpose"": {""endIndexInSegment"": 617, ""startIndexInSegment"": 539, ""selectedText"": ""These statistics are used to help us improve the performance of our Web sites."", ""value"": ""Analytics/Research""}}",12/1/04,http://www.thefreedictionary.com/privacy-policy.htm
4476,test_category_labeling_highlight_upitt,95,3698,5,First Party Collection/Use,"{""Collection Mode"": {""endIndexInSegment"": 135, ""startIndexInSegment"": 114, ""selectedText"": ""automatically collect"", ""value"": ""Implicit""}, ""Choice Scope"": {""endIndexInSegment"": -1, ""startIndexInSegment"": -1, ""value"": ""Unspecified""}, ""Action First-Party"": {""endIndexInSegment"": 94, ""startIndexInSegment"": 70, ""selectedText"": ""When you visit our sites"", ""value"": ""Collect on website""}, ""Personal Information Type"": {""endIndexInSegment"": 323, ""startIndexInSegment"": 227, ""selectedText"": ""about your visit to our sites. We may monitor statistics such as how many people visit our sites"", ""value"": ""User online activities""}, ""Choice Type"": {""endIndexInSegment"": -1, ""startIndexInSegment"": -1, ""value"": ""Unspecified""}, ""Identifiability"": {""endIndexInSegment"": 523, ""startIndexInSegment"": 512, ""selectedText"": ""aggregation"", ""value"": ""Aggregated or anonymized""}, ""Does/Does Not"": {""endIndexInSegment"": 135, ""startIndexInSegment"": 96, ""selectedText"": ""our computers may automatically collect"", ""value"": ""Does""}, ""User Type"": {""endIndexInSegment"": -1, ""startIndexInSegment"": -1, ""value"": ""Unspecified""}, ""Purpose"": {""endIndexInSegment"": 617, ""startIndexInSegment"": 539, ""selectedText"": ""These statistics are used to help us improve the performance of our Web sites."", ""value"": ""Analytics/Research""}}",12/1/04,http://www.thefreedictionary.com/privacy-policy.htm
4478,test_category_labeling_highlight_upitt,95,3698,5,First Party Collection/Use,"{""Collection Mode"": {""endIndexInSegment"": 135, ""startIndexInSegment"": 114, ""selectedText"": ""automatically collect"", ""value"": ""Implicit""}, ""Choice Scope"": {""endIndexInSegment"": -1, ""startIndexInSegment"": -1, ""value"": ""Unspecified""}, ""Action First-Party"": {""endIndexInSegment"": 94, ""startIndexInSegment"": 70, ""selectedText"": ""When you visit our sites"", ""value"": ""Collect on website""}, ""Personal Information Type"": {""endIndexInSegment"": 434, ""startIndexInSegment"": 387, ""selectedText"": ""from which domains our visitors reach our sites"", ""value"": ""Other""}, ""Choice Type"": {""endIndexInSegment"": -1, ""startIndexInSegment"": -1, ""value"": ""Unspecified""}, ""Identifiability"": {""endIndexInSegment"": 523, ""startIndexInSegment"": 512, ""selectedText"": ""aggregation"", ""value"": ""Aggregated or anonymized""}, ""Does/Does Not"": {""endIndexInSegment"": 135, ""startIndexInSegment"": 96, ""selectedText"": ""our computers may automatically collect"", ""value"": ""Does""}, ""User Type"": {""endIndexInSegment"": -1, ""startIndexInSegment"": -1, ""value"": ""Unspecified""}, ""Purpose"": {""endIndexInSegment"": 617, ""startIndexInSegment"": 539, ""selectedText"": ""These statistics are used to help us improve the performance of our Web sites."", ""value"": ""Analytics/Research""}}",12/1/04,http://www.thefreedictionary.com/privacy-policy.htm
7508,test_category_labeling_highlight_upitt,103,3698,5,First Party Collection/Use,"{""Collection Mode"": {""endIndexInSegment"": -1, ""startIndexInSegment"": -1, ""value"": ""not-selected""}, ""Choice Scope"": {""endIndexInSegment"": -1, ""startIndexInSegment"": -1, ""value"": ""not-selected""}, ""Action First-Party"": {""endIndexInSegment"": 164, ""startIndexInSegment"": 70, ""selectedText"": ""When you visit our sites, our computers may automatically collect statistics about your visit."", ""value"": ""Collect on website""}, ""Personal Information Type"": {""endIndexInSegment"": 347, ""startIndexInSegment"": 325, ""selectedText"": ""the user's IP address,"", ""value"": ""IP address and device IDs""}, ""Choice Type"": {""endIndexInSegment"": -1, ""startIndexInSegment"": -1, ""value"": ""not-selected""}, ""Identifiability"": {""endIndexInSegment"": 215, ""startIndexInSegment"": 182, ""selectedText"": ""does not identify you personally,"", ""value"": ""Aggregated or anonymized""}, ""Does/Does Not"": {""endIndexInSegment"": -1, ""startIndexInSegment"": -1, ""value"": ""Does""}, ""User Type"": {""endIndexInSegment"": -1, ""startIndexInSegment"": -1, ""value"": ""not-selected""}, ""Purpose"": {""endIndexInSegment"": 617, ""startIndexInSegment"": 467, ""selectedText"": ""We use these statistics about your visit for aggregation purposes only. These statistics are used to help us improve the performance of our Web sites."", ""value"": ""Analytics/Research""}}",12/1/04,http://www.thefreedictionary.com/privacy-policy.htm
7509,test_category_labeling_highlight_upitt,103,3698,5,First Party Collection/Use,"{""Collection Mode"": {""endIndexInSegment"": -1, ""startIndexInSegment"": -1, ""value"": ""not-selected""}, ""Choice Scope"": {""endIndexInSegment"": -1, ""startIndexInSegment"": -1, ""value"": ""not-selected""}, ""Action First-Party"": {""endIndexInSegment"": 94, ""startIndexInSegment"": 70, ""selectedText"": ""When you visit our sites"", ""value"": ""Collect on website""}, ""Personal Information Type"": {""endIndexInSegment"": 466, ""startIndexInSegment"": 258, ""selectedText"": ""We may monitor statistics such as how many people visit our sites, the user's IP address, which pages people visit on our sites, from which domains our visitors reach our sites, and which browsers people use."", ""value"": ""User online activities""}, ""Choice Type"": {""endIndexInSegment"": -1, ""startIndexInSegment"": -1, ""value"": ""not-selected""}, ""Identifiability"": {""endIndexInSegment"": 257, ""startIndexInSegment"": 96, ""selectedText"": ""our computers may automatically collect statistics about your visit. This information does not identify you personally, but rather about your visit to our sites."", ""value"": ""Aggregated or anonymized""}, ""Does/Does Not"": {""endIndexInSegment"": -1, ""startIndexInSegment"": -1, ""value"": ""Does""}, ""User Type"": {""endIndexInSegment"": -1, ""startIndexInSegment"": -1, ""value"": ""not-selected""}, ""Purpose"": {""endIndexInSegment"": 617, ""startIndexInSegment"": 467, ""selectedText"": ""We use these statistics about your visit for aggregation purposes only. These statistics are used to help us improve the performance of our Web sites."", ""value"": ""Analytics/Research""}}",12/1/04,http://www.thefreedictionary.com/privacy-policy.htm
14267,test_category_labeling_highlight_upitt,123,3698,5,First Party Collection/Use,"{""Collection Mode"": {""endIndexInSegment"": -1, ""startIndexInSegment"": -1, ""value"": ""Implicit""}, ""Choice Scope"": {""endIndexInSegment"": -1, ""startIndexInSegment"": -1, ""value"": ""Unspecified""}, ""Action First-Party"": {""endIndexInSegment"": -1, ""startIndexInSegment"": -1, ""value"": ""Collect on website""}, ""Personal Information Type"": {""endIndexInSegment"": 385, ""startIndexInSegment"": 348, ""selectedText"": ""which pages people visit on our sites"", ""value"": ""User online activities""}, ""Choice Type"": {""endIndexInSegment"": -1, ""startIndexInSegment"": -1, ""value"": ""Unspecified""}, ""Identifiability"": {""endIndexInSegment"": -1, ""startIndexInSegment"": -1, ""value"": ""Aggregated or anonymized""}, ""Does/Does Not"": {""endIndexInSegment"": -1, ""startIndexInSegment"": -1, ""value"": ""Does""}, ""User Type"": {""endIndexInSegment"": -1, ""startIndexInSegment"": -1, ""value"": ""Unspecified""}, ""Purpose"": {""endIndexInSegment"": -1, ""startIndexInSegment"": -1, ""value"": ""Analytics/Research""}}",12/1/04,http://www.thefreedictionary.com/privacy-policy.htm
C2953,test_category_labeling_highlight_upitt,103,3698,6,International and Specific Audiences,"{""Audience Type"": {""endIndexInSegment"": 315, ""startIndexInSegment"": 9, ""selectedText"": ""Our Commitment to Children's Privacy Protecting the privacy of the very young is especially important. For that reason, we never collect or maintain information at our website from those we actually know are under 13, and no part of our website is structured to attract anyone under 13."", ""value"": ""Children""}}",12/1/04,http://www.thefreedictionary.com/privacy-policy.htm
14269,test_category_labeling_highlight_upitt,123,3698,6,International and Specific Audiences,"{""Audience Type"": {""endIndexInSegment"": 245, ""startIndexInSegment"": 210, ""selectedText"": ""those we actually know are under 13"", ""value"": ""Children""}}",12/1/04,http://www.thefreedictionary.com/privacy-policy.htm
14270,test_category_labeling_highlight_upitt,123,3698,6,First Party Collection/Use,"{""Collection Mode"": {""endIndexInSegment"": -1, ""startIndexInSegment"": -1, ""value"": ""Unspecified""}, ""Choice Scope"": {""endIndexInSegment"": -1, ""startIndexInSegment"": -1, ""value"": ""Unspecified""}, ""Action First-Party"": {""endIndexInSegment"": 189, ""startIndexInSegment"": 149, ""selectedText"": ""we never collect or maintain information"", ""value"": ""Collect on website""}, ""Personal Information Type"": {""endIndexInSegment"": 189, ""startIndexInSegment"": 178, ""selectedText"": ""information"", ""value"": ""Unspecified""}, ""Choice Type"": {""endIndexInSegment"": -1, ""startIndexInSegment"": -1, ""value"": ""Unspecified""}, ""Identifiability"": {""endIndexInSegment"": -1, ""startIndexInSegment"": -1, ""value"": ""Unspecified""}, ""Does/Does Not"": {""endIndexInSegment"": 189, ""startIndexInSegment"": 149, ""selectedText"": ""we never collect or maintain information"", ""value"": ""Does Not""}, ""User Type"": {""endIndexInSegment"": 245, ""startIndexInSegment"": 205, ""selectedText"": ""from those we actually know are under 13"", ""value"": ""Other""}, ""Purpose"": {""endIndexInSegment"": -1, ""startIndexInSegment"": -1, ""value"": ""Unspecified""}}",12/1/04,http://www.thefreedictionary.com/privacy-policy.htm
C2954,test_category_labeling_highlight_upitt,95,3698,7,User Choice/Control,"{""Choice Type"": {""endIndexInSegment"": 359, ""startIndexInSegment"": 309, ""selectedText"": ""You may disable or delete the cookies at any time."", ""value"": ""Unspecified""}, ""Choice Scope"": {""endIndexInSegment"": 307, ""startIndexInSegment"": 271, ""selectedText"": ""identify you as a premium subscriber"", ""value"": ""First party collection""}, ""User Type"": {""endIndexInSegment"": -1, ""startIndexInSegment"": -1, ""value"": ""Unspecified""}, ""Purpose"": {""endIndexInSegment"": 307, ""startIndexInSegment"": 271, ""selectedText"": ""identify you as a premium subscriber"", ""value"": ""Additional service/feature""}, ""Personal Information Type"": {""endIndexInSegment"": -1, ""startIndexInSegment"": -1, ""value"": ""Unspecified""}}",12/1/04,http://www.thefreedictionary.com/privacy-policy.htm
4481,test_category_labeling_highlight_upitt,95,3698,7,Other,"{""Other Type"": {""endIndexInSegment"": 308, ""startIndexInSegment"": 9, ""selectedText"": ""Use of Cookies A \""cookie\"" is a piece of information that our web sites send to your browser, which then is stored on your system. A user can use our web sites without cookies; however, our systems need cookies for premium content in order to identify you as a premium subscriber."", ""value"": ""Introductory/Generic""}}",12/1/04,http://www.thefreedictionary.com/privacy-policy.htm
7511,test_category_labeling_highlight_upitt,103,3698,7,First Party Collection/Use,"{""Collection Mode"": {""endIndexInSegment"": -1, ""startIndexInSegment"": -1, ""value"": ""not-selected""}, ""Choice Scope"": {""endIndexInSegment"": -1, ""startIndexInSegment"": -1, ""value"": ""not-selected""}, ""Action First-Party"": {""endIndexInSegment"": 158, ""startIndexInSegment"": 44, ""selectedText"": ""A \""cookie\"" is a piece of information that our web sites send to your browser, which then is stored on your system."", ""value"": ""Collect on website""}, ""Personal Information Type"": {""endIndexInSegment"": 671, ""startIndexInSegment"": 9, ""selectedText"": ""Use of Cookies A \""cookie\"" is a piece of information that our web sites send to your browser, which then is stored on your system. A user can use our web sites without cookies; however, our systems need cookies for premium content in order to identify you as a premium subscriber. You may disable or delete the cookies at any time. Many users prefer to use cookies in order to help them navigate a Web site as seamlessly as possible. You should be aware that cookies contain no more information than you volunteer, and they are not able to \""invade\"" your hard drive and return to the sender any personal or other information from your computer."", ""value"": ""Cookies and tracking elements""}, ""Choice Type"": {""endIndexInSegment"": -1, ""startIndexInSegment"": -1, ""value"": ""not-selected""}, ""Identifiability"": {""endIndexInSegment"": -1, ""startIndexInSegment"": -1, ""value"": ""not-selected""}, ""Does/Does Not"": {""endIndexInSegment"": -1, ""startIndexInSegment"": -1, ""value"": ""Does""}, ""User Type"": {""endIndexInSegment"": 308, ""startIndexInSegment"": 289, ""selectedText"": ""premium subscriber."", ""value"": ""User with account""}, ""Purpose"": {""endIndexInSegment"": 308, ""startIndexInSegment"": 214, ""selectedText"": ""our systems need cookies for premium content in order to identify you as a premium subscriber."", ""value"": ""Additional service/feature""}}",12/1/04,http://www.thefreedictionary.com/privacy-policy.htm
7512,test_category_labeling_highlight_upitt,103,3698,7,User Choice/Control,"{""Choice Type"": {""endIndexInSegment"": 359, ""startIndexInSegment"": 309, ""selectedText"": ""You may disable or delete the cookies at any time."", ""value"": ""Browser/device privacy controls""}, ""Choice Scope"": {""endIndexInSegment"": 671, ""startIndexInSegment"": 309, ""selectedText"": ""You may disable or delete the cookies at any time. Many users prefer to use cookies in order to help them navigate a Web site as seamlessly as possible. You should be aware that cookies contain no more information than you volunteer, and they are not able to \""invade\"" your hard drive and return to the sender any personal or other information from your computer."", ""value"": ""Unspecified""}, ""User Type"": {""endIndexInSegment"": 671, ""startIndexInSegment"": 159, ""selectedText"": ""A user can use our web sites without cookies; however, our systems need cookies for premium content in order to identify you as a premium subscriber. You may disable or delete the cookies at any time. Many users prefer to use cookies in order to help them navigate a Web site as seamlessly as possible. You should be aware that cookies contain no more information than you volunteer, and they are not able to \""invade\"" your hard drive and return to the sender any personal or other information from your computer."", ""value"": ""Unspecified""}, ""Purpose"": {""endIndexInSegment"": 671, ""startIndexInSegment"": 44, ""selectedText"": ""A \""cookie\"" is a piece of information that our web sites send to your browser, which then is stored on your system. A user can use our web sites without cookies; however, our systems need cookies for premium content in order to identify you as a premium subscriber. You may disable or delete the cookies at any time. Many users prefer to use cookies in order to help them navigate a Web site as seamlessly as possible. You should be aware that cookies contain no more information than you volunteer, and they are not able to \""invade\"" your hard drive and return to the sender any personal or other information from your computer."", ""value"": ""Additional service/feature""}, ""Personal Information Type"": {""endIndexInSegment"": 238, ""startIndexInSegment"": 231, ""selectedText"": ""cookies"", ""value"": ""Cookies and tracking elements""}}",12/1/04,http://www.thefreedictionary.com/privacy-policy.htm
14271,test_category_labeling_highlight_upitt,123,3698,7,Other,"{""Other Type"": {""endIndexInSegment"": 158, ""startIndexInSegment"": 44, ""selectedText"": ""A \""cookie\"" is a piece of information that our web sites send to your browser, which then is stored on your system."", ""value"": ""Introductory/Generic""}}",12/1/04,http://www.thefreedictionary.com/privacy-policy.htm
14277,test_category_labeling_highlight_upitt,123,3698,7,First Party Collection/Use,"{""Collection Mode"": {""endIndexInSegment"": -1, ""startIndexInSegment"": -1, ""value"": ""Unspecified""}, ""Choice Scope"": {""endIndexInSegment"": 359, ""startIndexInSegment"": 309, ""selectedText"": ""You may disable or delete the cookies at any time."", ""value"": ""Both""}, ""Action First-Party"": {""endIndexInSegment"": 99, ""startIndexInSegment"": 86, ""selectedText"": ""our web sites"", ""value"": ""Collect on website""}, ""Personal Information Type"": {""endIndexInSegment"": 238, ""startIndexInSegment"": 214, ""selectedText"": ""our systems need cookies"", ""value"": ""Cookies and tracking elements""}, ""Choice Type"": {""endIndexInSegment"": 359, ""startIndexInSegment"": 309, ""selectedText"": ""You may disable or delete the cookies at any time."", ""value"": ""Browser/device privacy controls""}, ""Identifiability"": {""endIndexInSegment"": 671, ""startIndexInSegment"": 556, ""selectedText"": ""not able to \""invade\"" your hard drive and return to the sender any personal or other information from your computer."", ""value"": ""Aggregated or anonymized""}, ""Does/Does Not"": {""endIndexInSegment"": 238, ""startIndexInSegment"": 214, ""selectedText"": ""our systems need cookies"", ""value"": ""Does""}, ""User Type"": {""endIndexInSegment"": 165, ""startIndexInSegment"": 161, ""selectedText"": ""user"", ""value"": ""Unspecified""}, ""Purpose"": {""endIndexInSegment"": 308, ""startIndexInSegment"": 239, ""selectedText"": ""for premium content in order to identify you as a premium subscriber."", ""value"": ""Additional service/feature""}}",12/1/04,http://www.thefreedictionary.com/privacy-policy.htm
C2955,test_category_labeling_highlight_upitt,123,3698,8,Other,"{""Other Type"": {""endIndexInSegment"": 370, ""startIndexInSegment"": 0, ""selectedText"": ""To find more information about cookies: If you are using Microsoft Internet Explorer as your browser, go to the Microsoft Web site at http://www.microsoft.com/info/cookies.htm?RLD=291 If you are using Netscape Navigator as your browser, go to the Netscape Web site at http://home.netscape.com/security/basics/privacy.htmlcookies"", ""value"": ""Other""}}",12/1/04,http://www.thefreedictionary.com/privacy-policy.htm
C2956,test_category_labeling_highlight_upitt,123,3698,9,Third Party Sharing/Collection,"{""Third Party Entity"": {""endIndexInSegment"": 79, ""startIndexInSegment"": 11, ""selectedText"": ""third-party advertising companies, such as Google, Yahoo!, Microsoft"", ""value"": ""Named third party""}, ""Choice Scope"": {""endIndexInSegment"": 396, ""startIndexInSegment"": 326, ""selectedText"": ""your choices about not having this information used by these companies"", ""value"": ""Use""}, ""Purpose"": {""endIndexInSegment"": 258, ""startIndexInSegment"": 179, ""selectedText"": ""in order to provide advertisements about goods and services of interest to you."", ""value"": ""Advertising""}, ""Personal Information Type"": {""endIndexInSegment"": 178, ""startIndexInSegment"": 146, ""selectedText"": ""information about your interests"", ""value"": ""Generic personal information""}, ""Choice Type"": {""endIndexInSegment"": 481, ""startIndexInSegment"": 318, ""selectedText"": ""to know your choices about not having this information used by these companies, see the Digital Advertising Alliance's or Network Advertising Initiative's website."", ""value"": ""Opt-out via contacting company""}, ""Identifiability"": {""endIndexInSegment"": -1, ""startIndexInSegment"": -1, ""value"": ""Unspecified""}, ""Does/Does Not"": {""endIndexInSegment"": 10, ""startIndexInSegment"": 3, ""selectedText"": ""may use"", ""value"": ""Does""}, ""User Type"": {""endIndexInSegment"": -1, ""startIndexInSegment"": -1, ""value"": ""Unspecified""}, ""Action Third Party"": {""endIndexInSegment"": 120, ""startIndexInSegment"": 94, ""selectedText"": ""when you visit our website"", ""value"": ""Collect on first party website/app""}}",12/1/04,http://www.thefreedictionary.com/privacy-policy.htm
4484,test_category_labeling_highlight_upitt,95,3698,9,Third Party Sharing/Collection,"{""Third Party Entity"": {""endIndexInSegment"": 79, ""startIndexInSegment"": 54, ""selectedText"": ""Google, Yahoo!, Microsoft"", ""value"": ""Named third party""}, ""Choice Scope"": {""endIndexInSegment"": 10, ""startIndexInSegment"": 3, ""selectedText"": ""may use"", ""value"": ""Use""}, ""Purpose"": {""endIndexInSegment"": 258, ""startIndexInSegment"": 191, ""selectedText"": ""provide advertisements about goods and services of interest to you."", ""value"": ""Advertising""}, ""Personal Information Type"": {""endIndexInSegment"": -1, ""startIndexInSegment"": -1, ""value"": ""Unspecified""}, ""Choice Type"": {""endIndexInSegment"": 481, ""startIndexInSegment"": 259, ""selectedText"": ""If you would like more information about this practice and to know your choices about not having this information used by these companies, see the Digital Advertising Alliance's or Network Advertising Initiative's website."", ""value"": ""Other""}, ""Identifiability"": {""endIndexInSegment"": 178, ""startIndexInSegment"": 146, ""selectedText"": ""information about your interests"", ""value"": ""Other""}, ""Does/Does Not"": {""endIndexInSegment"": 10, ""startIndexInSegment"": 0, ""selectedText"": ""We may use"", ""value"": ""Does""}, ""User Type"": {""endIndexInSegment"": -1, ""startIndexInSegment"": -1, ""value"": ""Unspecified""}, ""Action Third Party"": {""endIndexInSegment"": 178, ""startIndexInSegment"": 122, ""selectedText"": ""These companies may use information about your interests"", ""value"": ""Other""}}",12/1/04,http://www.thefreedictionary.com/privacy-policy.htm
7513,test_category_labeling_highlight_upitt,103,3698,9,Third Party Sharing/Collection,"{""Third Party Entity"": {""endIndexInSegment"": 80, ""startIndexInSegment"": 11, ""selectedText"": ""third-party advertising companies, such as Google, Yahoo!, Microsoft)"", ""value"": ""Named third party""}, ""Choice Scope"": {""endIndexInSegment"": -1, ""startIndexInSegment"": -1, ""value"": ""not-selected""}, ""Purpose"": {""endIndexInSegment"": 121, ""startIndexInSegment"": 84, ""selectedText"": ""serve ads when you visit our website."", ""value"": ""Advertising""}, ""Personal Information Type"": {""endIndexInSegment"": 178, ""startIndexInSegment"": 146, ""selectedText"": ""information about your interests"", ""value"": ""User online activities""}, ""Choice Type"": {""endIndexInSegment"": -1, ""startIndexInSegment"": -1, ""value"": ""not-selected""}, ""Identifiability"": {""endIndexInSegment"": -1, ""startIndexInSegment"": -1, ""value"": ""not-selected""}, ""Does/Does Not"": {""endIndexInSegment"": -1, ""startIndexInSegment"": -1, ""value"": ""Does""}, ""User Type"": {""endIndexInSegment"": -1, ""startIndexInSegment"": -1, ""value"": ""not-selected""}, ""Action Third Party"": {""endIndexInSegment"": 258, ""startIndexInSegment"": 0, ""selectedText"": ""We may use third-party advertising companies, such as Google, Yahoo!, Microsoft) to serve ads when you visit our website. These companies may use information about your interests in order to provide advertisements about goods and services of interest to you."", ""value"": ""Other""}}",12/1/04,http://www.thefreedictionary.com/privacy-policy.htm
7515,test_category_labeling_highlight_upitt,103,3698,9,User Choice/Control,"{""Choice Type"": {""endIndexInSegment"": 481, ""startIndexInSegment"": 259, ""selectedText"": ""If you would like more information about this practice and to know your choices about not having this information used by these companies, see the Digital Advertising Alliance's or Network Advertising Initiative's website."", ""value"": ""Unspecified""}, ""Choice Scope"": {""endIndexInSegment"": 396, ""startIndexInSegment"": 259, ""selectedText"": ""If you would like more information about this practice and to know your choices about not having this information used by these companies"", ""value"": ""Third party use""}, ""User Type"": {""endIndexInSegment"": -1, ""startIndexInSegment"": -1, ""value"": ""not-selected""}, ""Purpose"": {""endIndexInSegment"": 258, ""startIndexInSegment"": 179, ""selectedText"": ""in order to provide advertisements about goods and services of interest to you."", ""value"": ""Advertising""}, ""Personal Information Type"": {""endIndexInSegment"": 178, ""startIndexInSegment"": 138, ""selectedText"": ""may use information about your interests"", ""value"": ""User online activities""}}",12/1/04,http://www.thefreedictionary.com/privacy-policy.htm
14282,test_category_labeling_highlight_upitt,123,3698,9,Other,"{""Other Type"": {""endIndexInSegment"": 481, ""startIndexInSegment"": 259, ""selectedText"": ""If you would like more information about this practice and to know your choices about not having this information used by these companies, see the Digital Advertising Alliance's or Network Advertising Initiative's website."", ""value"": ""Privacy contact information""}}",12/1/04,http://www.thefreedictionary.com/privacy-policy.htm
C2957,test_category_labeling_highlight_upitt,123,3698,10,Third Party Sharing/Collection,"{""Third Party Entity"": {""endIndexInSegment"": 209, ""startIndexInSegment"": 133, ""selectedText"": ""local, state, federal, national or international law enforcement authorities"", ""value"": ""Named third party""}, ""Choice Scope"": {""endIndexInSegment"": -1, ""startIndexInSegment"": -1, ""value"": ""Unspecified""}, ""Purpose"": {""endIndexInSegment"": 97, ""startIndexInSegment"": 72, ""selectedText"": ""If we are required by law"", ""value"": ""Legal requirement""}, ""Personal Information Type"": {""endIndexInSegment"": 129, ""startIndexInSegment"": 110, ""selectedText"": ""certain information"", ""value"": ""Unspecified""}, ""Choice Type"": {""endIndexInSegment"": -1, ""startIndexInSegment"": -1, ""value"": ""Unspecified""}, ""Identifiability"": {""endIndexInSegment"": -1, ""startIndexInSegment"": -1, ""value"": ""Unspecified""}, ""Does/Does Not"": {""endIndexInSegment"": 224, ""startIndexInSegment"": 211, ""selectedText"": ""we will do so"", ""value"": ""Does""}, ""User Type"": {""endIndexInSegment"": -1, ""startIndexInSegment"": -1, ""value"": ""Unspecified""}, ""Action Third Party"": {""endIndexInSegment"": 132, ""startIndexInSegment"": 101, ""selectedText"": ""disclose certain information to"", ""value"": ""Receive/Shared with""}}",12/1/04,http://www.thefreedictionary.com/privacy-policy.htm
7516,test_category_labeling_highlight_upitt,103,3698,10,First Party Collection/Use,"{""Collection Mode"": {""endIndexInSegment"": -1, ""startIndexInSegment"": -1, ""value"": ""not-selected""}, ""Choice Scope"": {""endIndexInSegment"": -1, ""startIndexInSegment"": -1, ""value"": ""not-selected""}, ""Action First-Party"": {""endIndexInSegment"": 346, ""startIndexInSegment"": 9, ""selectedText"": ""Disclosure by Law and Protection of Farlex If we are required by law to disclose certain information to local, state, federal, national or international law enforcement authorities, we will do so. We will also disclose information to third parties as necessary in order to comply with applicable laws and regulations."", ""value"": ""Unspecified""}, ""Personal Information Type"": {""endIndexInSegment"": 346, ""startIndexInSegment"": 9, ""selectedText"": ""Disclosure by Law and Protection of Farlex If we are required by law to disclose certain information to local, state, federal, national or international law enforcement authorities, we will do so. We will also disclose information to third parties as necessary in order to comply with applicable laws and regulations."", ""value"": ""Unspecified""}, ""Choice Type"": {""endIndexInSegment"": -1, ""startIndexInSegment"": -1, ""value"": ""not-selected""}, ""Identifiability"": {""endIndexInSegment"": -1, ""startIndexInSegment"": -1, ""value"": ""not-selected""}, ""Does/Does Not"": {""endIndexInSegment"": -1, ""startIndexInSegment"": -1, ""value"": ""Does""}, ""User Type"": {""endIndexInSegment"": -1, ""startIndexInSegment"": -1, ""value"": ""not-selected""}, ""Purpose"": {""endIndexInSegment"": 346, ""startIndexInSegment"": 9, ""selectedText"": ""Disclosure by Law and Protection of Farlex If we are required by law to disclose certain information to local, state, federal, national or international law enforcement authorities, we will do so. We will also disclose information to third parties as necessary in order to comply with applicable laws and regulations."", ""value"": ""Legal requirement""}}",12/1/04,http://www.thefreedictionary.com/privacy-policy.htm
7517,test_category_labeling_highlight_upitt,103,3698,10,First Party Collection/Use,"{""Collection Mode"": {""endIndexInSegment"": -1, ""startIndexInSegment"": -1, ""value"": ""not-selected""}, ""Choice Scope"": {""endIndexInSegment"": -1, ""startIndexInSegment"": -1, ""value"": ""not-selected""}, ""Action First-Party"": {""endIndexInSegment"": 522, ""startIndexInSegment"": 347, ""selectedText"": ""In addition, Farlex may share information in order to investigate, prevent, or take action regarding illegal activities or suspected fraud, or enforce or apply our agreements."", ""value"": ""Unspecified""}, ""Personal Information Type"": {""endIndexInSegment"": 388, ""startIndexInSegment"": 367, ""selectedText"": ""may share information"", ""value"": ""Unspecified""}, ""Choice Type"": {""endIndexInSegment"": -1, ""startIndexInSegment"": -1, ""value"": ""not-selected""}, ""Identifiability"": {""endIndexInSegment"": -1, ""startIndexInSegment"": -1, ""value"": ""not-selected""}, ""Does/Does Not"": {""endIndexInSegment"": -1, ""startIndexInSegment"": -1, ""value"": ""Does""}, ""User Type"": {""endIndexInSegment"": -1, ""startIndexInSegment"": -1, ""value"": ""not-selected""}, ""Purpose"": {""endIndexInSegment"": 522, ""startIndexInSegment"": 389, ""selectedText"": ""in order to investigate, prevent, or take action regarding illegal activities or suspected fraud, or enforce or apply our agreements."", ""value"": ""Service Operation and Security""}}",12/1/04,http://www.thefreedictionary.com/privacy-policy.htm
14283,test_category_labeling_highlight_upitt,123,3698,10,First Party Collection/Use,"{""Collection Mode"": {""endIndexInSegment"": -1, ""startIndexInSegment"": -1, ""value"": ""Unspecified""}, ""Choice Scope"": {""endIndexInSegment"": -1, ""startIndexInSegment"": -1, ""value"": ""Unspecified""}, ""Action First-Party"": {""endIndexInSegment"": -1, ""startIndexInSegment"": -1, ""value"": ""Unspecified""}, ""Personal Information Type"": {""endIndexInSegment"": 129, ""startIndexInSegment"": 110, ""selectedText"": ""certain information"", ""value"": ""Unspecified""}, ""Choice Type"": {""endIndexInSegment"": -1, ""startIndexInSegment"": -1, ""value"": ""Unspecified""}, ""Identifiability"": {""endIndexInSegment"": -1, ""startIndexInSegment"": -1, ""value"": ""Unspecified""}, ""Does/Does Not"": {""endIndexInSegment"": 109, ""startIndexInSegment"": 98, ""selectedText"": ""to disclose"", ""value"": ""Does""}, ""User Type"": {""endIndexInSegment"": -1, ""startIndexInSegment"": -1, ""value"": ""Unspecified""}, ""Purpose"": {""endIndexInSegment"": 97, ""startIndexInSegment"": 72, ""selectedText"": ""If we are required by law"", ""value"": ""Legal requirement""}}",12/1/04,http://www.thefreedictionary.com/privacy-policy.htm
14285,test_category_labeling_highlight_upitt,123,3698,10,Third Party Sharing/Collection,"{""Third Party Entity"": {""endIndexInSegment"": 276, ""startIndexInSegment"": 263, ""selectedText"": ""third parties"", ""value"": ""Unnamed third party""}, ""Choice Scope"": {""endIndexInSegment"": -1, ""startIndexInSegment"": -1, ""value"": ""Unspecified""}, ""Purpose"": {""endIndexInSegment"": 346, ""startIndexInSegment"": 290, ""selectedText"": ""in order to comply with applicable laws and regulations."", ""value"": ""Legal requirement""}, ""Personal Information Type"": {""endIndexInSegment"": 259, ""startIndexInSegment"": 248, ""selectedText"": ""information"", ""value"": ""Unspecified""}, ""Choice Type"": {""endIndexInSegment"": -1, ""startIndexInSegment"": -1, ""value"": ""Unspecified""}, ""Identifiability"": {""endIndexInSegment"": -1, ""startIndexInSegment"": -1, ""value"": ""Unspecified""}, ""Does/Does Not"": {""endIndexInSegment"": 233, ""startIndexInSegment"": 226, ""selectedText"": ""We will"", ""value"": ""Does""}, ""User Type"": {""endIndexInSegment"": -1, ""startIndexInSegment"": -1, ""value"": ""Unspecified""}, ""Action Third Party"": {""endIndexInSegment"": 262, ""startIndexInSegment"": 239, ""selectedText"": ""disclose information to"", ""value"": ""Receive/Shared with""}}",12/1/04,http://www.thefreedictionary.com/privacy-policy.htm
14286,test_category_labeling_highlight_upitt,123,3698,10,Third Party Sharing/Collection,"{""Third Party Entity"": {""endIndexInSegment"": 388, ""startIndexInSegment"": 360, ""selectedText"": ""Farlex may share information"", ""value"": ""Unspecified""}, ""Choice Scope"": {""endIndexInSegment"": -1, ""startIndexInSegment"": -1, ""value"": ""Unspecified""}, ""Purpose"": {""endIndexInSegment"": 522, ""startIndexInSegment"": 389, ""selectedText"": ""in order to investigate, prevent, or take action regarding illegal activities or suspected fraud, or enforce or apply our agreements."", ""value"": ""Service operation and security""}, ""Personal Information Type"": {""endIndexInSegment"": 388, ""startIndexInSegment"": 377, ""selectedText"": ""information"", ""value"": ""Unspecified""}, ""Choice Type"": {""endIndexInSegment"": -1, ""startIndexInSegment"": -1, ""value"": ""Unspecified""}, ""Identifiability"": {""endIndexInSegment"": -1, ""startIndexInSegment"": -1, ""value"": ""Unspecified""}, ""Does/Does Not"": {""endIndexInSegment"": 376, ""startIndexInSegment"": 367, ""selectedText"": ""may share"", ""value"": ""Does""}, ""User Type"": {""endIndexInSegment"": -1, ""startIndexInSegment"": -1, ""value"": ""Unspecified""}, ""Action Third Party"": {""endIndexInSegment"": 388, ""startIndexInSegment"": 360, ""selectedText"": ""Farlex may share information"", ""value"": ""Receive/Shared with""}}",12/1/04,http://www.thefreedictionary.com/privacy-policy.htm
C2958,test_category_labeling_highlight_upitt,123,3698,11,Data Security,"{""Security Measure"": {""endIndexInSegment"": 818, ""startIndexInSegment"": 649, ""selectedText"": ""We also have partnered with Authorize.net, one of the most reputable and experienced credit card payment companies in the World to handle our users' online transactions."", ""value"": ""Other""}}",12/1/04,http://www.thefreedictionary.com/privacy-policy.htm
C2959,test_category_labeling_highlight_upitt,123,3698,11,Data Security,"{""Security Measure"": {""endIndexInSegment"": 648, ""startIndexInSegment"": 523, ""selectedText"": ""we encrypt all information that you submit in ordering of our premium products using the Secure Sockets Layer (SSL) protocol."", ""value"": ""Secure data transfer""}}",12/1/04,http://www.thefreedictionary.com/privacy-policy.htm
7519,test_category_labeling_highlight_upitt,103,3698,11,Data Security,"{""Security Measure"": {""endIndexInSegment"": 483, ""startIndexInSegment"": 53, ""selectedText"": ""We consider the protection of all personally identifiable information we receive from our Web site visitors and subscribers as critical to our corporate mission. Please be assured that we have security measures in place to protect against the loss and misuse of any information we receive from you. As with any transmission over the Internet, however, there is always some element of risk involved in sending personal information."", ""value"": ""Generic""}}",12/1/04,http://www.thefreedictionary.com/privacy-policy.htm
14288,test_category_labeling_highlight_upitt,123,3698,11,Data Security,"{""Security Measure"": {""endIndexInSegment"": 351, ""startIndexInSegment"": 238, ""selectedText"": ""we have security measures in place to protect against the loss and misuse of any information we receive from you."", ""value"": ""Generic""}}",12/1/04,http://www.thefreedictionary.com/privacy-policy.htm
14291,test_category_labeling_highlight_upitt,123,3698,11,Other,"{""Other Type"": {""endIndexInSegment"": 483, ""startIndexInSegment"": 352, ""selectedText"": ""As with any transmission over the Internet, however, there is always some element of risk involved in sending personal information."", ""value"": ""Introductory/Generic""}}",12/1/04,http://www.thefreedictionary.com/privacy-policy.htm
C2960,test_category_labeling_highlight_upitt,95,3698,12,First Party Collection/Use,"{""Collection Mode"": {""endIndexInSegment"": 144, ""startIndexInSegment"": 122, ""selectedText"": ""information you submit"", ""value"": ""Explicit""}, ""Choice Scope"": {""endIndexInSegment"": 454, ""startIndexInSegment"": 431, ""selectedText"": ""block any communication"", ""value"": ""Use""}, ""Action First-Party"": {""endIndexInSegment"": -1, ""startIndexInSegment"": -1, ""value"": ""Unspecified""}, ""Personal Information Type"": {""endIndexInSegment"": 155, ""startIndexInSegment"": 148, ""selectedText"": ""contact"", ""value"": ""Contact""}, ""Choice Type"": {""endIndexInSegment"": 499, ""startIndexInSegment"": 404, ""selectedText"": ""you will have an option to block any communication from us if your subscriptions are cancelled."", ""value"": ""Dont use service/feature""}, ""Identifiability"": {""endIndexInSegment"": 159, ""startIndexInSegment"": 122, ""selectedText"": ""information you submit to contact you"", ""value"": ""Identifiable""}, ""Does/Does Not"": {""endIndexInSegment"": 117, ""startIndexInSegment"": 107, ""selectedText"": ""We may use"", ""value"": ""Does""}, ""User Type"": {""endIndexInSegment"": -1, ""startIndexInSegment"": -1, ""value"": ""Unspecified""}, ""Purpose"": {""endIndexInSegment"": 242, ""startIndexInSegment"": 163, ""selectedText"": ""discuss the support, renewal, and purchase of our premium products and services"", ""value"": ""Additional service/feature""}}",12/1/04,http://www.thefreedictionary.com/privacy-policy.htm
4490,test_category_labeling_highlight_upitt,95,3698,12,User Choice/Control,"{""Choice Type"": {""endIndexInSegment"": 792, ""startIndexInSegment"": 637, ""selectedText"": ""You may not opt out of receiving information regarding the expiration and renewal of the subscriptions, account balances or the payment history and status."", ""value"": ""Other""}, ""Choice Scope"": {""endIndexInSegment"": 792, ""startIndexInSegment"": 696, ""selectedText"": ""expiration and renewal of the subscriptions, account balances or the payment history and status."", ""value"": ""First party use""}, ""User Type"": {""endIndexInSegment"": -1, ""startIndexInSegment"": -1, ""value"": ""Unspecified""}, ""Purpose"": {""endIndexInSegment"": 792, ""startIndexInSegment"": 696, ""selectedText"": ""expiration and renewal of the subscriptions, account balances or the payment history and status."", ""value"": ""Additional service/feature""}, ""Personal Information Type"": {""endIndexInSegment"": 792, ""startIndexInSegment"": 711, ""selectedText"": ""renewal of the subscriptions, account balances or the payment history and status."", ""value"": ""Financial""}}",12/1/04,http://www.thefreedictionary.com/privacy-policy.htm
7521,test_category_labeling_highlight_upitt,103,3698,12,First Party Collection/Use,"{""Collection Mode"": {""endIndexInSegment"": 144, ""startIndexInSegment"": 107, ""selectedText"": ""We may use the information you submit"", ""value"": ""Explicit""}, ""Choice Scope"": {""endIndexInSegment"": 792, ""startIndexInSegment"": 404, ""selectedText"": ""you will have an option to block any communication from us if your subscriptions are cancelled. Please be aware that we reserve the right to notify our subscribers of any information that affects the status of current subscriptions. You may not opt out of receiving information regarding the expiration and renewal of the subscriptions, account balances or the payment history and status."", ""value"": ""Use""}, ""Action First-Party"": {""endIndexInSegment"": 792, ""startIndexInSegment"": 107, ""selectedText"": ""We may use the information you submit to contact you to discuss the support, renewal, and purchase of our premium products and services. You may receive a communication directly from one of our customer care representatives. Please be assured that we will keep the communications to a minimum and you will have an option to block any communication from us if your subscriptions are cancelled. Please be aware that we reserve the right to notify our subscribers of any information that affects the status of current subscriptions. You may not opt out of receiving information regarding the expiration and renewal of the subscriptions, account balances or the payment history and status."", ""value"": ""Unspecified""}, ""Personal Information Type"": {""endIndexInSegment"": 155, ""startIndexInSegment"": 9, ""selectedText"": ""Facilitating the Support, Renewal, and Purchase of our Products and Services. We may use the information you submit to contact"", ""value"": ""Contact""}, ""Choice Type"": {""endIndexInSegment"": 499, ""startIndexInSegment"": 463, ""selectedText"": ""if your subscriptions are cancelled."", ""value"": ""Unspecified""}, ""Identifiability"": {""endIndexInSegment"": -1, ""startIndexInSegment"": -1, ""value"": ""not-selected""}, ""Does/Does Not"": {""endIndexInSegment"": -1, ""startIndexInSegment"": -1, ""value"": ""Does""}, ""User Type"": {""endIndexInSegment"": 499, ""startIndexInSegment"": 404, ""selectedText"": ""you will have an option to block any communication from us if your subscriptions are cancelled."", ""value"": ""Other""}, ""Purpose"": {""endIndexInSegment"": 792, ""startIndexInSegment"": 9, ""selectedText"": ""Facilitating the Support, Renewal, and Purchase of our Products and Services. We may use the information you submit to contact you to discuss the support, renewal, and purchase of our premium products and services. You may receive a communication directly from one of our customer care representatives. Please be assured that we will keep the communications to a minimum and you will have an option to block any communication from us if your subscriptions are cancelled. Please be aware that we reserve the right to notify our subscribers of any information that affects the status of current subscriptions. You may not opt out of receiving information regarding the expiration and renewal of the subscriptions, account balances or the payment history and status."", ""value"": ""Marketing""}}",12/1/04,http://www.thefreedictionary.com/privacy-policy.htm
7522,test_category_labeling_highlight_upitt,103,3698,12,User Choice/Control,"{""Choice Type"": {""endIndexInSegment"": 499, ""startIndexInSegment"": 404, ""selectedText"": ""you will have an option to block any communication from us if your subscriptions are cancelled."", ""value"": ""Unspecified""}, ""Choice Scope"": {""endIndexInSegment"": 454, ""startIndexInSegment"": 431, ""selectedText"": ""block any communication"", ""value"": ""First party use""}, ""User Type"": {""endIndexInSegment"": 499, ""startIndexInSegment"": 463, ""selectedText"": ""if your subscriptions are cancelled."", ""value"": ""Other""}, ""Purpose"": {""endIndexInSegment"": 331, ""startIndexInSegment"": 107, ""selectedText"": ""We may use the information you submit to contact you to discuss the support, renewal, and purchase of our premium products and services. You may receive a communication directly from one of our customer care representatives."", ""value"": ""Marketing""}, ""Personal Information Type"": {""endIndexInSegment"": 155, ""startIndexInSegment"": 118, ""selectedText"": ""the information you submit to contact"", ""value"": ""Contact""}}",12/1/04,http://www.thefreedictionary.com/privacy-policy.htm
7523,test_category_labeling_highlight_upitt,103,3698,12,User Choice/Control,"{""Choice Type"": {""endIndexInSegment"": 792, ""startIndexInSegment"": 500, ""selectedText"": ""Please be aware that we reserve the right to notify our subscribers of any information that affects the status of current subscriptions. You may not opt out of receiving information regarding the expiration and renewal of the subscriptions, account balances or the payment history and status."", ""value"": ""Other""}, ""Choice Scope"": {""endIndexInSegment"": 331, ""startIndexInSegment"": 107, ""selectedText"": ""We may use the information you submit to contact you to discuss the support, renewal, and purchase of our premium products and services. You may receive a communication directly from one of our customer care representatives."", ""value"": ""First party use""}, ""User Type"": {""endIndexInSegment"": 567, ""startIndexInSegment"": 552, ""selectedText"": ""our subscribers"", ""value"": ""User with account""}, ""Purpose"": {""endIndexInSegment"": 243, ""startIndexInSegment"": 160, ""selectedText"": ""to discuss the support, renewal, and purchase of our premium products and services."", ""value"": ""Marketing""}, ""Personal Information Type"": {""endIndexInSegment"": 159, ""startIndexInSegment"": 118, ""selectedText"": ""the information you submit to contact you"", ""value"": ""Contact""}}",12/1/04,http://www.thefreedictionary.com/privacy-policy.htm
14293,test_category_labeling_highlight_upitt,123,3698,12,User Choice/Control,"{""Choice Type"": {""endIndexInSegment"": 681, ""startIndexInSegment"": 637, ""selectedText"": ""You may not opt out of receiving information"", ""value"": ""Unspecified""}, ""Choice Scope"": {""endIndexInSegment"": 681, ""startIndexInSegment"": 660, ""selectedText"": ""receiving information"", ""value"": ""First party use""}, ""User Type"": {""endIndexInSegment"": 792, ""startIndexInSegment"": 692, ""selectedText"": ""the expiration and renewal of the subscriptions, account balances or the payment history and status."", ""value"": ""User with account""}, ""Purpose"": {""endIndexInSegment"": 792, ""startIndexInSegment"": 682, ""selectedText"": ""regarding the expiration and renewal of the subscriptions, account balances or the payment history and status."", ""value"": ""Basic service/feature""}, ""Personal Information Type"": {""endIndexInSegment"": -1, ""startIndexInSegment"": -1, ""value"": ""Unspecified""}}",12/1/04,http://www.thefreedictionary.com/privacy-policy.htm
C2961,test_category_labeling_highlight_upitt,103,3698,13,Policy Change,"{""Change Type"": {""endIndexInSegment"": 191, ""startIndexInSegment"": 9, ""selectedText"": ""Changes to this Privacy Statement If a material change is made to this Privacy Statement and/or the way we use our customers' personally identifiable information,"", ""value"": ""Privacy relevant change""}, ""User Choice"": {""endIndexInSegment"": 345, ""startIndexInSegment"": 9, ""selectedText"": ""Changes to this Privacy Statement If a material change is made to this Privacy Statement and/or the way we use our customers' personally identifiable information, a prominent notice of the nature of the change will be posted on this Privacy Statement and the current subscribers will be notified as soon as possible."", ""value"": ""Unspecified""}, ""Notification Type"": {""endIndexInSegment"": 345, ""startIndexInSegment"": 284, ""selectedText"": ""the current subscribers will be notified as soon as possible."", ""value"": ""Personal notice""}}",12/1/04,http://www.thefreedictionary.com/privacy-policy.htm
C2962,test_category_labeling_highlight_upitt,103,3698,13,Policy Change,"{""Change Type"": {""endIndexInSegment"": 191, ""startIndexInSegment"": 9, ""selectedText"": ""Changes to this Privacy Statement If a material change is made to this Privacy Statement and/or the way we use our customers' personally identifiable information,"", ""value"": ""Privacy relevant change""}, ""User Choice"": {""endIndexInSegment"": 345, ""startIndexInSegment"": 9, ""selectedText"": ""Changes to this Privacy Statement If a material change is made to this Privacy Statement and/or the way we use our customers' personally identifiable information, a prominent notice of the nature of the change will be posted on this Privacy Statement and the current subscribers will be notified as soon as possible."", ""value"": ""Unspecified""}, ""Notification Type"": {""endIndexInSegment"": 279, ""startIndexInSegment"": 192, ""selectedText"": ""a prominent notice of the nature of the change will be posted on this Privacy Statement"", ""value"": ""General notice in privacy policy""}}",12/1/04,http://www.thefreedictionary.com/privacy-policy.htm
C2963,test_category_labeling_highlight_upitt,95,3698,13,Policy Change,"{""Change Type"": {""endIndexInSegment"": 117, ""startIndexInSegment"": 68, ""selectedText"": ""material change is made to this Privacy Statement"", ""value"": ""Privacy relevant change""}, ""User Choice"": {""endIndexInSegment"": -1, ""startIndexInSegment"": -1, ""value"": ""Unspecified""}, ""Notification Type"": {""endIndexInSegment"": 279, ""startIndexInSegment"": 192, ""selectedText"": ""a prominent notice of the nature of the change will be posted on this Privacy Statement"", ""value"": ""General notice in privacy policy""}}",12/1/04,http://www.thefreedictionary.com/privacy-policy.htm
C2964,test_category_labeling_highlight_upitt,95,3698,13,Policy Change,"{""Change Type"": {""endIndexInSegment"": 117, ""startIndexInSegment"": 68, ""selectedText"": ""material change is made to this Privacy Statement"", ""value"": ""Privacy relevant change""}, ""User Choice"": {""endIndexInSegment"": -1, ""startIndexInSegment"": -1, ""value"": ""Unspecified""}, ""Notification Type"": {""endIndexInSegment"": 345, ""startIndexInSegment"": 284, ""selectedText"": ""the current subscribers will be notified as soon as possible."", ""value"": ""Personal notice""}}",12/1/04,http://www.thefreedictionary.com/privacy-policy.htm
C2965,test_category_labeling_highlight_upitt,123,3698,14,Other,"{""Other Type"": {""endIndexInSegment"": 110, ""startIndexInSegment"": 49, ""selectedText"": ""Our contact information is available at the Farlex home page."", ""value"": ""Privacy contact information""}}",12/1/04,http://www.thefreedictionary.com/privacy-policy.htm
