C3288,test_category_labeling_highlight_fordham_bbbbb,116,3908,0,Other,"{""Other Type"": {""selectedText"": ""he Sally Ride Science websites provide innovative and interactive online science, math and technology related activities for young girls and boys, while safeguarding their privacy."", ""startIndexInSegment"": 102, ""endIndexInSegment"": 282, ""value"": ""Introductory/Generic""}}",Not specified,https://earthkam.ucsd.edu/privacy
20055,test_category_labeling_highlight_fordham_bbbbb,116,3908,0,Data Security,"{""Security Measure"": {""selectedText"": ""Sally Ride Science is committed to protecting the privacy of its customers"", ""startIndexInSegment"": 25, ""endIndexInSegment"": 99, ""value"": ""Generic""}}",Not specified,https://earthkam.ucsd.edu/privacy
20057,test_category_labeling_highlight_fordham_bbbbb,116,3908,0,International and Specific Audiences,"{""Audience Type"": {""selectedText"": ""Parental consent and the protection of personal information are the cornerstones of our approach to online privacy."", ""startIndexInSegment"": 283, ""endIndexInSegment"": 403, ""value"": ""Children""}}",Not specified,https://earthkam.ucsd.edu/privacy
20188,test_category_labeling_highlight_fordham_ddddd,118,3908,0,International and Specific Audiences,"{""Audience Type"": {""selectedText"": ""young girls and boys,"", ""startIndexInSegment"": 227, ""endIndexInSegment"": 248, ""value"": ""Children""}}",Not specified,https://earthkam.ucsd.edu/privacy
C3289,test_category_labeling_highlight_fordham_bbbbb,116,3908,1,International and Specific Audiences,"{""Audience Type"": {""selectedText"": ""Sally Ride Science is also committed to complying fully with the Children's Online Privacy Protection Act of 1998. We limit the collection, use and disclosure of personal information collected on the Sally Ride Science websites from children under the age of thirteen. Our information collection practices and privacy and security measures are described below."", ""startIndexInSegment"": 0, ""endIndexInSegment"": 365, ""value"": ""Children""}}",Not specified,https://earthkam.ucsd.edu/privacy
20189,test_category_labeling_highlight_fordham_ddddd,118,3908,1,International and Specific Audiences,"{""Audience Type"": {""selectedText"": ""children under the age of thirteen"", ""startIndexInSegment"": 233, ""endIndexInSegment"": 267, ""value"": ""Children""}}",Not specified,https://earthkam.ucsd.edu/privacy
20190,test_category_labeling_highlight_fordham_ddddd,118,3908,1,Data Security,"{""Security Measure"": {""selectedText"": ""We limit the collection, use and disclosure"", ""startIndexInSegment"": 115, ""endIndexInSegment"": 158, ""value"": ""Data access limitation""}}",Not specified,https://earthkam.ucsd.edu/privacy
C3290,test_category_labeling_highlight_fordham_ddddd,118,3908,2,First Party Collection/Use,"{""Collection Mode"": {""selectedText"": ""Not selected"", ""startIndexInSegment"": -1, ""endIndexInSegment"": -1, ""value"": ""Unspecified""}, ""Choice Scope"": {""selectedText"": ""Not selected"", ""startIndexInSegment"": -1, ""endIndexInSegment"": -1, ""value"": ""Unspecified""}, ""Action First-Party"": {""selectedText"": ""Not selected"", ""startIndexInSegment"": -1, ""endIndexInSegment"": -1, ""value"": ""Unspecified""}, ""Personal Information Type"": {""selectedText"": ""email addresses and other contact information"", ""startIndexInSegment"": 214, ""endIndexInSegment"": 259, ""value"": ""Contact""}, ""Choice Type"": {""selectedText"": ""Not selected"", ""startIndexInSegment"": -1, ""endIndexInSegment"": -1, ""value"": ""Unspecified""}, ""Identifiability"": {""selectedText"": ""Not selected"", ""startIndexInSegment"": -1, ""endIndexInSegment"": -1, ""value"": ""Unspecified""}, ""Does/Does Not"": {""selectedText"": ""we store and use"", ""startIndexInSegment"": 197, ""endIndexInSegment"": 213, ""value"": ""Does""}, ""User Type"": {""selectedText"": ""users"", ""startIndexInSegment"": 280, ""endIndexInSegment"": 285, ""value"": ""Unspecified""}, ""Purpose"": {""selectedText"": ""to communicate with users about contests and other special events."", ""startIndexInSegment"": 260, ""endIndexInSegment"": 326, ""value"": ""Marketing""}}",Not specified,https://earthkam.ucsd.edu/privacy
20059,test_category_labeling_highlight_fordham_bbbbb,116,3908,2,International and Specific Audiences,"{""Audience Type"": {""selectedText"": ""Why and How We Collect and Store Information Sally Ride Science collects and stores some information about your daughter or son, to allow her or him to participate in some activities. For example, we store and use email addresses and other contact information to communicate with users about contests and other special events. We request parent contact information and parent consent when a girl or boy participates in Sally Ride Science events and activities. This enables us to confirm that a parent consents to their daughter's or son's participation in an event or activity and agrees to the terms of our privacy policy."", ""startIndexInSegment"": 0, ""endIndexInSegment"": 624, ""value"": ""Children""}}",Not specified,https://earthkam.ucsd.edu/privacy
20060,test_category_labeling_highlight_fordham_bbbbb,116,3908,2,First Party Collection/Use,"{""Collection Mode"": {""selectedText"": ""null"", ""startIndexInSegment"": -1, ""endIndexInSegment"": -1, ""value"": ""not-selected""}, ""Choice Scope"": {""selectedText"": ""null"", ""startIndexInSegment"": -1, ""endIndexInSegment"": -1, ""value"": ""not-selected""}, ""Action First-Party"": {""selectedText"": ""collects and stores"", ""startIndexInSegment"": 64, ""endIndexInSegment"": 83, ""value"": ""Unspecified""}, ""Personal Information Type"": {""selectedText"": ""some information"", ""startIndexInSegment"": 84, ""endIndexInSegment"": 100, ""value"": ""Unspecified""}, ""Choice Type"": {""selectedText"": ""null"", ""startIndexInSegment"": -1, ""endIndexInSegment"": -1, ""value"": ""not-selected""}, ""Identifiability"": {""selectedText"": ""null"", ""startIndexInSegment"": -1, ""endIndexInSegment"": -1, ""value"": ""not-selected""}, ""Does/Does Not"": {""selectedText"": ""null"", ""startIndexInSegment"": -1, ""endIndexInSegment"": -1, ""value"": ""Does""}, ""User Type"": {""selectedText"": ""null"", ""startIndexInSegment"": -1, ""endIndexInSegment"": -1, ""value"": ""not-selected""}, ""Purpose"": {""selectedText"": ""Sally Ride Science collects and stores some information about your daughter or son, to allow her or him to participate in some activities."", ""startIndexInSegment"": 45, ""endIndexInSegment"": 183, ""value"": ""Basic service/feature""}}",Not specified,https://earthkam.ucsd.edu/privacy
20062,test_category_labeling_highlight_fordham_bbbbb,116,3908,2,First Party Collection/Use,"{""Collection Mode"": {""selectedText"": ""request"", ""startIndexInSegment"": 330, ""endIndexInSegment"": 337, ""value"": ""Explicit""}, ""Choice Scope"": {""selectedText"": ""null"", ""startIndexInSegment"": -1, ""endIndexInSegment"": -1, ""value"": ""not-selected""}, ""Action First-Party"": {""selectedText"": ""We request"", ""startIndexInSegment"": 327, ""endIndexInSegment"": 337, ""value"": ""Unspecified""}, ""Personal Information Type"": {""selectedText"": ""parent contact information"", ""startIndexInSegment"": 338, ""endIndexInSegment"": 364, ""value"": ""Contact""}, ""Choice Type"": {""selectedText"": ""null"", ""startIndexInSegment"": -1, ""endIndexInSegment"": -1, ""value"": ""not-selected""}, ""Identifiability"": {""selectedText"": ""null"", ""startIndexInSegment"": -1, ""endIndexInSegment"": -1, ""value"": ""not-selected""}, ""Does/Does Not"": {""selectedText"": ""null"", ""startIndexInSegment"": -1, ""endIndexInSegment"": -1, ""value"": ""Does""}, ""User Type"": {""selectedText"": ""null"", ""startIndexInSegment"": -1, ""endIndexInSegment"": -1, ""value"": ""not-selected""}, ""Purpose"": {""selectedText"": ""when a girl or boy participates in Sally Ride Science events and activities."", ""startIndexInSegment"": 384, ""endIndexInSegment"": 460, ""value"": ""Basic service/feature""}}",Not specified,https://earthkam.ucsd.edu/privacy
20063,test_category_labeling_highlight_fordham_bbbbb,116,3908,2,First Party Collection/Use,"{""Collection Mode"": {""selectedText"": ""request"", ""startIndexInSegment"": 330, ""endIndexInSegment"": 337, ""value"": ""Explicit""}, ""Choice Scope"": {""selectedText"": ""null"", ""startIndexInSegment"": -1, ""endIndexInSegment"": -1, ""value"": ""not-selected""}, ""Action First-Party"": {""selectedText"": ""We request"", ""startIndexInSegment"": 327, ""endIndexInSegment"": 337, ""value"": ""Unspecified""}, ""Personal Information Type"": {""selectedText"": ""parent consent"", ""startIndexInSegment"": 369, ""endIndexInSegment"": 383, ""value"": ""Other""}, ""Choice Type"": {""selectedText"": ""null"", ""startIndexInSegment"": -1, ""endIndexInSegment"": -1, ""value"": ""not-selected""}, ""Identifiability"": {""selectedText"": ""null"", ""startIndexInSegment"": -1, ""endIndexInSegment"": -1, ""value"": ""not-selected""}, ""Does/Does Not"": {""selectedText"": ""null"", ""startIndexInSegment"": -1, ""endIndexInSegment"": -1, ""value"": ""Does""}, ""User Type"": {""selectedText"": ""null"", ""startIndexInSegment"": -1, ""endIndexInSegment"": -1, ""value"": ""not-selected""}, ""Purpose"": {""selectedText"": ""when a girl or boy participates in Sally Ride Science events and activities."", ""startIndexInSegment"": 384, ""endIndexInSegment"": 460, ""value"": ""Basic service/feature""}}",Not specified,https://earthkam.ucsd.edu/privacy
20580,test_category_labeling_highlight_fordham_ccccc,117,3908,2,First Party Collection/Use,"{""Collection Mode"": {""selectedText"": ""null"", ""startIndexInSegment"": -1, ""endIndexInSegment"": -1, ""value"": ""not-selected""}, ""Choice Scope"": {""selectedText"": ""null"", ""startIndexInSegment"": -1, ""endIndexInSegment"": -1, ""value"": ""not-selected""}, ""Action First-Party"": {""selectedText"": ""collects and stores"", ""startIndexInSegment"": 64, ""endIndexInSegment"": 83, ""value"": ""Collect on website""}, ""Personal Information Type"": {""selectedText"": ""email addresses and other contact information"", ""startIndexInSegment"": 214, ""endIndexInSegment"": 259, ""value"": ""Contact""}, ""Choice Type"": {""selectedText"": ""null"", ""startIndexInSegment"": -1, ""endIndexInSegment"": -1, ""value"": ""not-selected""}, ""Identifiability"": {""selectedText"": ""null"", ""startIndexInSegment"": -1, ""endIndexInSegment"": -1, ""value"": ""not-selected""}, ""Does/Does Not"": {""selectedText"": ""null"", ""startIndexInSegment"": -1, ""endIndexInSegment"": -1, ""value"": ""Does""}, ""User Type"": {""selectedText"": ""null"", ""startIndexInSegment"": -1, ""endIndexInSegment"": -1, ""value"": ""not-selected""}, ""Purpose"": {""selectedText"": ""communicate with users about contests and other special events. We request parent contact information and parent consent when a girl or boy participates in Sally Ride Science events and activities"", ""startIndexInSegment"": 263, ""endIndexInSegment"": 459, ""value"": ""Basic service/feature""}}",Not specified,https://earthkam.ucsd.edu/privacy
20191,test_category_labeling_highlight_fordham_ddddd,118,3908,2,First Party Collection/Use,"{""Collection Mode"": {""selectedText"": ""Not selected"", ""startIndexInSegment"": -1, ""endIndexInSegment"": -1, ""value"": ""Unspecified""}, ""Choice Scope"": {""selectedText"": ""Not selected"", ""startIndexInSegment"": -1, ""endIndexInSegment"": -1, ""value"": ""Unspecified""}, ""Action First-Party"": {""selectedText"": ""Not selected"", ""startIndexInSegment"": -1, ""endIndexInSegment"": -1, ""value"": ""Unspecified""}, ""Personal Information Type"": {""selectedText"": ""some information about your daughter or son,"", ""startIndexInSegment"": 84, ""endIndexInSegment"": 128, ""value"": ""Unspecified""}, ""Choice Type"": {""selectedText"": ""Not selected"", ""startIndexInSegment"": -1, ""endIndexInSegment"": -1, ""value"": ""Unspecified""}, ""Identifiability"": {""selectedText"": ""Not selected"", ""startIndexInSegment"": -1, ""endIndexInSegment"": -1, ""value"": ""Unspecified""}, ""Does/Does Not"": {""selectedText"": ""Sally Ride Science collects and stores"", ""startIndexInSegment"": 45, ""endIndexInSegment"": 83, ""value"": ""Does""}, ""User Type"": {""selectedText"": ""Not selected"", ""startIndexInSegment"": -1, ""endIndexInSegment"": -1, ""value"": ""Unspecified""}, ""Purpose"": {""selectedText"": ""to allow her or him to participate in some activities."", ""startIndexInSegment"": 129, ""endIndexInSegment"": 183, ""value"": ""Basic service/feature""}}",Not specified,https://earthkam.ucsd.edu/privacy
20192,test_category_labeling_highlight_fordham_ddddd,118,3908,2,International and Specific Audiences,"{""Audience Type"": {""selectedText"": ""girl or boy"", ""startIndexInSegment"": 391, ""endIndexInSegment"": 402, ""value"": ""Children""}}",Not specified,https://earthkam.ucsd.edu/privacy
20194,test_category_labeling_highlight_fordham_ddddd,118,3908,2,Other,"{""Other Type"": {""selectedText"": ""We request parent contact information and parent consent when a girl or boy participates in Sally Ride Science events and activities. This enables us to confirm that a parent consents to their daughter's or son's participation in an event or activity and agrees to the terms of our privacy policy."", ""startIndexInSegment"": 327, ""endIndexInSegment"": 624, ""value"": ""Practice not covered""}}",Not specified,https://earthkam.ucsd.edu/privacy
C3291,test_category_labeling_highlight_fordham_ddddd,118,3908,3,Third Party Sharing/Collection,"{""Third Party Entity"": {""selectedText"": ""other third parties"", ""startIndexInSegment"": 132, ""endIndexInSegment"": 151, ""value"": ""Unnamed third party""}, ""Choice Scope"": {""selectedText"": ""Not selected"", ""startIndexInSegment"": -1, ""endIndexInSegment"": -1, ""value"": ""Unspecified""}, ""Purpose"": {""selectedText"": ""Not selected"", ""startIndexInSegment"": -1, ""endIndexInSegment"": -1, ""value"": ""Unspecified""}, ""Personal Information Type"": {""selectedText"": ""information"", ""startIndexInSegment"": 52, ""endIndexInSegment"": 63, ""value"": ""Unspecified""}, ""Choice Type"": {""selectedText"": ""Not selected"", ""startIndexInSegment"": -1, ""endIndexInSegment"": -1, ""value"": ""Unspecified""}, ""Identifiability"": {""selectedText"": ""aggregated"", ""startIndexInSegment"": 41, ""endIndexInSegment"": 51, ""value"": ""Aggregated or anonymized""}, ""Does/Does Not"": {""selectedText"": ""null"", ""startIndexInSegment"": -1, ""endIndexInSegment"": -1, ""value"": ""Does""}, ""User Type"": {""selectedText"": ""Not selected"", ""startIndexInSegment"": -1, ""endIndexInSegment"": -1, ""value"": ""Unspecified""}, ""Action Third Party"": {""selectedText"": ""disclose"", ""startIndexInSegment"": 23, ""endIndexInSegment"": 31, ""value"": ""Receive/Shared with""}}",Not specified,https://earthkam.ucsd.edu/privacy
C3292,test_category_labeling_highlight_fordham_ddddd,118,3908,3,Third Party Sharing/Collection,"{""Third Party Entity"": {""selectedText"": ""sponsors"", ""startIndexInSegment"": 119, ""endIndexInSegment"": 127, ""value"": ""Named third party""}, ""Choice Scope"": {""selectedText"": ""Not selected"", ""startIndexInSegment"": -1, ""endIndexInSegment"": -1, ""value"": ""Unspecified""}, ""Purpose"": {""selectedText"": ""Not selected"", ""startIndexInSegment"": -1, ""endIndexInSegment"": -1, ""value"": ""Unspecified""}, ""Personal Information Type"": {""selectedText"": ""information"", ""startIndexInSegment"": 52, ""endIndexInSegment"": 63, ""value"": ""Unspecified""}, ""Choice Type"": {""selectedText"": ""Not selected"", ""startIndexInSegment"": -1, ""endIndexInSegment"": -1, ""value"": ""Unspecified""}, ""Identifiability"": {""selectedText"": ""aggregated"", ""startIndexInSegment"": 41, ""endIndexInSegment"": 51, ""value"": ""Aggregated or anonymized""}, ""Does/Does Not"": {""selectedText"": ""null"", ""startIndexInSegment"": -1, ""endIndexInSegment"": -1, ""value"": ""Does""}, ""User Type"": {""selectedText"": ""Not selected"", ""startIndexInSegment"": -1, ""endIndexInSegment"": -1, ""value"": ""Unspecified""}, ""Action Third Party"": {""selectedText"": ""disclose"", ""startIndexInSegment"": 23, ""endIndexInSegment"": 31, ""value"": ""Receive/Shared with""}}",Not specified,https://earthkam.ucsd.edu/privacy
C3293,test_category_labeling_highlight_fordham_bbbbb,116,3908,3,Third Party Sharing/Collection,"{""Third Party Entity"": {""selectedText"": ""and other third parties"", ""startIndexInSegment"": 128, ""endIndexInSegment"": 151, ""value"": ""Unnamed third party""}, ""Choice Scope"": {""selectedText"": ""null"", ""startIndexInSegment"": -1, ""endIndexInSegment"": -1, ""value"": ""not-selected""}, ""Purpose"": {""selectedText"": ""third parties"", ""startIndexInSegment"": 138, ""endIndexInSegment"": 151, ""value"": ""Unspecified""}, ""Personal Information Type"": {""selectedText"": ""age, city/state/country, special interests, etc"", ""startIndexInSegment"": 225, ""endIndexInSegment"": 272, ""value"": ""Demographic""}, ""Choice Type"": {""selectedText"": ""null"", ""startIndexInSegment"": -1, ""endIndexInSegment"": -1, ""value"": ""not-selected""}, ""Identifiability"": {""selectedText"": ""aggregated"", ""startIndexInSegment"": 41, ""endIndexInSegment"": 51, ""value"": ""Aggregated or anonymized""}, ""Does/Does Not"": {""selectedText"": ""null"", ""startIndexInSegment"": -1, ""endIndexInSegment"": -1, ""value"": ""Does""}, ""User Type"": {""selectedText"": ""null"", ""startIndexInSegment"": -1, ""endIndexInSegment"": -1, ""value"": ""not-selected""}, ""Action Third Party"": {""selectedText"": ""Sally Ride Science may disclose"", ""startIndexInSegment"": 0, ""endIndexInSegment"": 31, ""value"": ""Receive/Shared with""}}",Not specified,https://earthkam.ucsd.edu/privacy
C3294,test_category_labeling_highlight_fordham_ddddd,118,3908,3,Third Party Sharing/Collection,"{""Third Party Entity"": {""selectedText"": ""other third parties"", ""startIndexInSegment"": 132, ""endIndexInSegment"": 151, ""value"": ""Unnamed third party""}, ""Choice Scope"": {""selectedText"": ""Not selected"", ""startIndexInSegment"": -1, ""endIndexInSegment"": -1, ""value"": ""Unspecified""}, ""Purpose"": {""selectedText"": ""Not selected"", ""startIndexInSegment"": -1, ""endIndexInSegment"": -1, ""value"": ""Unspecified""}, ""Personal Information Type"": {""selectedText"": ""first name or screen name"", ""startIndexInSegment"": 198, ""endIndexInSegment"": 223, ""value"": ""Contact""}, ""Choice Type"": {""selectedText"": ""Not selected"", ""startIndexInSegment"": -1, ""endIndexInSegment"": -1, ""value"": ""Unspecified""}, ""Identifiability"": {""selectedText"": ""not readily identifiable to your son or daughter."", ""startIndexInSegment"": 275, ""endIndexInSegment"": 324, ""value"": ""Aggregated or anonymized""}, ""Does/Does Not"": {""selectedText"": ""null"", ""startIndexInSegment"": -1, ""endIndexInSegment"": -1, ""value"": ""Does""}, ""User Type"": {""selectedText"": ""Not selected"", ""startIndexInSegment"": -1, ""endIndexInSegment"": -1, ""value"": ""Unspecified""}, ""Action Third Party"": {""selectedText"": ""disclose"", ""startIndexInSegment"": 23, ""endIndexInSegment"": 31, ""value"": ""Receive/Shared with""}}",Not specified,https://earthkam.ucsd.edu/privacy
20195,test_category_labeling_highlight_fordham_ddddd,118,3908,3,International and Specific Audiences,"{""Audience Type"": {""selectedText"": ""child"", ""startIndexInSegment"": 109, ""endIndexInSegment"": 114, ""value"": ""Children""}}",Not specified,https://earthkam.ucsd.edu/privacy
20198,test_category_labeling_highlight_fordham_ddddd,118,3908,3,Third Party Sharing/Collection,"{""Third Party Entity"": {""selectedText"": ""sponsors"", ""startIndexInSegment"": 119, ""endIndexInSegment"": 127, ""value"": ""Named third party""}, ""Choice Scope"": {""selectedText"": ""Not selected"", ""startIndexInSegment"": -1, ""endIndexInSegment"": -1, ""value"": ""Unspecified""}, ""Purpose"": {""selectedText"": ""Not selected"", ""startIndexInSegment"": -1, ""endIndexInSegment"": -1, ""value"": ""Unspecified""}, ""Personal Information Type"": {""selectedText"": ""first name or screen name"", ""startIndexInSegment"": 198, ""endIndexInSegment"": 223, ""value"": ""Contact""}, ""Choice Type"": {""selectedText"": ""Not selected"", ""startIndexInSegment"": -1, ""endIndexInSegment"": -1, ""value"": ""Unspecified""}, ""Identifiability"": {""selectedText"": ""not readily identifiable to your son or daughter."", ""startIndexInSegment"": 275, ""endIndexInSegment"": 324, ""value"": ""Aggregated or anonymized""}, ""Does/Does Not"": {""selectedText"": ""null"", ""startIndexInSegment"": -1, ""endIndexInSegment"": -1, ""value"": ""Does""}, ""User Type"": {""selectedText"": ""Not selected"", ""startIndexInSegment"": -1, ""endIndexInSegment"": -1, ""value"": ""Unspecified""}, ""Action Third Party"": {""selectedText"": ""disclose"", ""startIndexInSegment"": 23, ""endIndexInSegment"": 31, ""value"": ""Receive/Shared with""}}",Not specified,https://earthkam.ucsd.edu/privacy
20200,test_category_labeling_highlight_fordham_ddddd,118,3908,3,Third Party Sharing/Collection,"{""Third Party Entity"": {""selectedText"": ""sponsors"", ""startIndexInSegment"": 119, ""endIndexInSegment"": 127, ""value"": ""Named third party""}, ""Choice Scope"": {""selectedText"": ""Not selected"", ""startIndexInSegment"": -1, ""endIndexInSegment"": -1, ""value"": ""Unspecified""}, ""Purpose"": {""selectedText"": ""Not selected"", ""startIndexInSegment"": -1, ""endIndexInSegment"": -1, ""value"": ""Unspecified""}, ""Personal Information Type"": {""selectedText"": ""age"", ""startIndexInSegment"": 225, ""endIndexInSegment"": 228, ""value"": ""Demographic""}, ""Choice Type"": {""selectedText"": ""Not selected"", ""startIndexInSegment"": -1, ""endIndexInSegment"": -1, ""value"": ""Unspecified""}, ""Identifiability"": {""selectedText"": ""not readily identifiable to your son or daughter."", ""startIndexInSegment"": 275, ""endIndexInSegment"": 324, ""value"": ""Aggregated or anonymized""}, ""Does/Does Not"": {""selectedText"": ""null"", ""startIndexInSegment"": -1, ""endIndexInSegment"": -1, ""value"": ""Does""}, ""User Type"": {""selectedText"": ""Not selected"", ""startIndexInSegment"": -1, ""endIndexInSegment"": -1, ""value"": ""Unspecified""}, ""Action Third Party"": {""selectedText"": ""disclose"", ""startIndexInSegment"": 23, ""endIndexInSegment"": 31, ""value"": ""Receive/Shared with""}}",Not specified,https://earthkam.ucsd.edu/privacy
20201,test_category_labeling_highlight_fordham_ddddd,118,3908,3,Third Party Sharing/Collection,"{""Third Party Entity"": {""selectedText"": ""other third parties"", ""startIndexInSegment"": 132, ""endIndexInSegment"": 151, ""value"": ""Unnamed third party""}, ""Choice Scope"": {""selectedText"": ""Not selected"", ""startIndexInSegment"": -1, ""endIndexInSegment"": -1, ""value"": ""Unspecified""}, ""Purpose"": {""selectedText"": ""Not selected"", ""startIndexInSegment"": -1, ""endIndexInSegment"": -1, ""value"": ""Unspecified""}, ""Personal Information Type"": {""selectedText"": ""age"", ""startIndexInSegment"": 225, ""endIndexInSegment"": 228, ""value"": ""Demographic""}, ""Choice Type"": {""selectedText"": ""Not selected"", ""startIndexInSegment"": -1, ""endIndexInSegment"": -1, ""value"": ""Unspecified""}, ""Identifiability"": {""selectedText"": ""not readily identifiable to your son or daughter."", ""startIndexInSegment"": 275, ""endIndexInSegment"": 324, ""value"": ""Aggregated or anonymized""}, ""Does/Does Not"": {""selectedText"": ""null"", ""startIndexInSegment"": -1, ""endIndexInSegment"": -1, ""value"": ""Does""}, ""User Type"": {""selectedText"": ""Not selected"", ""startIndexInSegment"": -1, ""endIndexInSegment"": -1, ""value"": ""Unspecified""}, ""Action Third Party"": {""selectedText"": ""disclose"", ""startIndexInSegment"": 23, ""endIndexInSegment"": 31, ""value"": ""Receive/Shared with""}}",Not specified,https://earthkam.ucsd.edu/privacy
20202,test_category_labeling_highlight_fordham_ddddd,118,3908,3,Third Party Sharing/Collection,"{""Third Party Entity"": {""selectedText"": ""sponsors"", ""startIndexInSegment"": 119, ""endIndexInSegment"": 127, ""value"": ""Named third party""}, ""Choice Scope"": {""selectedText"": ""Not selected"", ""startIndexInSegment"": -1, ""endIndexInSegment"": -1, ""value"": ""Unspecified""}, ""Purpose"": {""selectedText"": ""Not selected"", ""startIndexInSegment"": -1, ""endIndexInSegment"": -1, ""value"": ""Unspecified""}, ""Personal Information Type"": {""selectedText"": ""city/state/country"", ""startIndexInSegment"": 230, ""endIndexInSegment"": 248, ""value"": ""Location""}, ""Choice Type"": {""selectedText"": ""Not selected"", ""startIndexInSegment"": -1, ""endIndexInSegment"": -1, ""value"": ""Unspecified""}, ""Identifiability"": {""selectedText"": ""not readily identifiable to your son or daughter."", ""startIndexInSegment"": 275, ""endIndexInSegment"": 324, ""value"": ""Aggregated or anonymized""}, ""Does/Does Not"": {""selectedText"": ""null"", ""startIndexInSegment"": -1, ""endIndexInSegment"": -1, ""value"": ""Does""}, ""User Type"": {""selectedText"": ""Not selected"", ""startIndexInSegment"": -1, ""endIndexInSegment"": -1, ""value"": ""Unspecified""}, ""Action Third Party"": {""selectedText"": ""disclose"", ""startIndexInSegment"": 23, ""endIndexInSegment"": 31, ""value"": ""Receive/Shared with""}}",Not specified,https://earthkam.ucsd.edu/privacy
20203,test_category_labeling_highlight_fordham_ddddd,118,3908,3,Third Party Sharing/Collection,"{""Third Party Entity"": {""selectedText"": ""other third parties"", ""startIndexInSegment"": 132, ""endIndexInSegment"": 151, ""value"": ""Unnamed third party""}, ""Choice Scope"": {""selectedText"": ""Not selected"", ""startIndexInSegment"": -1, ""endIndexInSegment"": -1, ""value"": ""Unspecified""}, ""Purpose"": {""selectedText"": ""Not selected"", ""startIndexInSegment"": -1, ""endIndexInSegment"": -1, ""value"": ""Unspecified""}, ""Personal Information Type"": {""selectedText"": ""city/state/country"", ""startIndexInSegment"": 230, ""endIndexInSegment"": 248, ""value"": ""Location""}, ""Choice Type"": {""selectedText"": ""Not selected"", ""startIndexInSegment"": -1, ""endIndexInSegment"": -1, ""value"": ""Unspecified""}, ""Identifiability"": {""selectedText"": ""not readily identifiable to your son or daughter."", ""startIndexInSegment"": 275, ""endIndexInSegment"": 324, ""value"": ""Aggregated or anonymized""}, ""Does/Does Not"": {""selectedText"": ""null"", ""startIndexInSegment"": -1, ""endIndexInSegment"": -1, ""value"": ""Does""}, ""User Type"": {""selectedText"": ""Not selected"", ""startIndexInSegment"": -1, ""endIndexInSegment"": -1, ""value"": ""Unspecified""}, ""Action Third Party"": {""selectedText"": ""disclose"", ""startIndexInSegment"": 23, ""endIndexInSegment"": 31, ""value"": ""Receive/Shared with""}}",Not specified,https://earthkam.ucsd.edu/privacy
20204,test_category_labeling_highlight_fordham_ddddd,118,3908,3,Third Party Sharing/Collection,"{""Third Party Entity"": {""selectedText"": ""sponsors"", ""startIndexInSegment"": 119, ""endIndexInSegment"": 127, ""value"": ""Named third party""}, ""Choice Scope"": {""selectedText"": ""Not selected"", ""startIndexInSegment"": -1, ""endIndexInSegment"": -1, ""value"": ""Unspecified""}, ""Purpose"": {""selectedText"": ""Not selected"", ""startIndexInSegment"": -1, ""endIndexInSegment"": -1, ""value"": ""Unspecified""}, ""Personal Information Type"": {""selectedText"": ""special interests"", ""startIndexInSegment"": 250, ""endIndexInSegment"": 267, ""value"": ""User Profile""}, ""Choice Type"": {""selectedText"": ""Not selected"", ""startIndexInSegment"": -1, ""endIndexInSegment"": -1, ""value"": ""Unspecified""}, ""Identifiability"": {""selectedText"": ""not readily identifiable to your son or daughter."", ""startIndexInSegment"": 275, ""endIndexInSegment"": 324, ""value"": ""Aggregated or anonymized""}, ""Does/Does Not"": {""selectedText"": ""null"", ""startIndexInSegment"": -1, ""endIndexInSegment"": -1, ""value"": ""Does""}, ""User Type"": {""selectedText"": ""Not selected"", ""startIndexInSegment"": -1, ""endIndexInSegment"": -1, ""value"": ""Unspecified""}, ""Action Third Party"": {""selectedText"": ""disclose"", ""startIndexInSegment"": 23, ""endIndexInSegment"": 31, ""value"": ""Receive/Shared with""}}",Not specified,https://earthkam.ucsd.edu/privacy
20205,test_category_labeling_highlight_fordham_ddddd,118,3908,3,Third Party Sharing/Collection,"{""Third Party Entity"": {""selectedText"": ""other third parties"", ""startIndexInSegment"": 132, ""endIndexInSegment"": 151, ""value"": ""Unnamed third party""}, ""Choice Scope"": {""selectedText"": ""Not selected"", ""startIndexInSegment"": -1, ""endIndexInSegment"": -1, ""value"": ""Unspecified""}, ""Purpose"": {""selectedText"": ""Not selected"", ""startIndexInSegment"": -1, ""endIndexInSegment"": -1, ""value"": ""Unspecified""}, ""Personal Information Type"": {""selectedText"": ""special interests"", ""startIndexInSegment"": 250, ""endIndexInSegment"": 267, ""value"": ""User Profile""}, ""Choice Type"": {""selectedText"": ""Not selected"", ""startIndexInSegment"": -1, ""endIndexInSegment"": -1, ""value"": ""Unspecified""}, ""Identifiability"": {""selectedText"": ""not readily identifiable to your son or daughter."", ""startIndexInSegment"": 275, ""endIndexInSegment"": 324, ""value"": ""Aggregated or anonymized""}, ""Does/Does Not"": {""selectedText"": ""null"", ""startIndexInSegment"": -1, ""endIndexInSegment"": -1, ""value"": ""Does""}, ""User Type"": {""selectedText"": ""Not selected"", ""startIndexInSegment"": -1, ""endIndexInSegment"": -1, ""value"": ""Unspecified""}, ""Action Third Party"": {""selectedText"": ""disclose"", ""startIndexInSegment"": 23, ""endIndexInSegment"": 31, ""value"": ""Receive/Shared with""}}",Not specified,https://earthkam.ucsd.edu/privacy
C3295,test_category_labeling_highlight_fordham_bbbbb,116,3908,4,First Party Collection/Use,"{""Collection Mode"": {""selectedText"": ""null"", ""startIndexInSegment"": -1, ""endIndexInSegment"": -1, ""value"": ""not-selected""}, ""Choice Scope"": {""selectedText"": ""null"", ""startIndexInSegment"": -1, ""endIndexInSegment"": -1, ""value"": ""not-selected""}, ""Action First-Party"": {""selectedText"": ""We may also compile"", ""startIndexInSegment"": 0, ""endIndexInSegment"": 19, ""value"": ""Unspecified""}, ""Personal Information Type"": {""selectedText"": ""information regarding site traffic"", ""startIndexInSegment"": 20, ""endIndexInSegment"": 54, ""value"": ""Other""}, ""Choice Type"": {""selectedText"": ""null"", ""startIndexInSegment"": -1, ""endIndexInSegment"": -1, ""value"": ""not-selected""}, ""Identifiability"": {""selectedText"": ""null"", ""startIndexInSegment"": -1, ""endIndexInSegment"": -1, ""value"": ""not-selected""}, ""Does/Does Not"": {""selectedText"": ""null"", ""startIndexInSegment"": -1, ""endIndexInSegment"": -1, ""value"": ""Does""}, ""User Type"": {""selectedText"": ""null"", ""startIndexInSegment"": -1, ""endIndexInSegment"": -1, ""value"": ""not-selected""}, ""Purpose"": {""selectedText"": ""to determine the number of visitors to any of the Sally Ride Science websites, how long each visitor stayed, what pages of the site were visited and other general information, which is not otherwise personally identifiable to your daughter or son."", ""startIndexInSegment"": 55, ""endIndexInSegment"": 302, ""value"": ""Analytics/Research""}}",Not specified,https://earthkam.ucsd.edu/privacy
C3296,test_category_labeling_highlight_fordham_bbbbb,116,3908,4,Third Party Sharing/Collection,"{""Third Party Entity"": {""selectedText"": ""with our partners or sponsors."", ""startIndexInSegment"": 385, ""endIndexInSegment"": 415, ""value"": ""Named third party""}, ""Choice Scope"": {""selectedText"": ""null"", ""startIndexInSegment"": -1, ""endIndexInSegment"": -1, ""value"": ""not-selected""}, ""Purpose"": {""selectedText"": ""with our partners or sponsors."", ""startIndexInSegment"": 385, ""endIndexInSegment"": 415, ""value"": ""Unspecified""}, ""Personal Information Type"": {""selectedText"": ""information compiled"", ""startIndexInSegment"": 343, ""endIndexInSegment"": 363, ""value"": ""Other""}, ""Choice Type"": {""selectedText"": ""null"", ""startIndexInSegment"": -1, ""endIndexInSegment"": -1, ""value"": ""not-selected""}, ""Identifiability"": {""selectedText"": ""aggregate"", ""startIndexInSegment"": 318, ""endIndexInSegment"": 327, ""value"": ""Aggregated or anonymized""}, ""Does/Does Not"": {""selectedText"": ""null"", ""startIndexInSegment"": -1, ""endIndexInSegment"": -1, ""value"": ""Does""}, ""User Type"": {""selectedText"": ""null"", ""startIndexInSegment"": -1, ""endIndexInSegment"": -1, ""value"": ""not-selected""}, ""Action Third Party"": {""selectedText"": ""We might share"", ""startIndexInSegment"": 303, ""endIndexInSegment"": 317, ""value"": ""Receive/Shared with""}}",Not specified,https://earthkam.ucsd.edu/privacy
20207,test_category_labeling_highlight_fordham_ddddd,118,3908,4,First Party Collection/Use,"{""Collection Mode"": {""selectedText"": ""site traffic"", ""startIndexInSegment"": 42, ""endIndexInSegment"": 54, ""value"": ""Implicit""}, ""Choice Scope"": {""selectedText"": ""Not selected"", ""startIndexInSegment"": -1, ""endIndexInSegment"": -1, ""value"": ""Unspecified""}, ""Action First-Party"": {""selectedText"": ""Sally Ride Science websites"", ""startIndexInSegment"": 105, ""endIndexInSegment"": 132, ""value"": ""Collect on website""}, ""Personal Information Type"": {""selectedText"": ""other general information,"", ""startIndexInSegment"": 204, ""endIndexInSegment"": 230, ""value"": ""Unspecified""}, ""Choice Type"": {""selectedText"": ""Not selected"", ""startIndexInSegment"": -1, ""endIndexInSegment"": -1, ""value"": ""Unspecified""}, ""Identifiability"": {""selectedText"": ""which is not otherwise personally identifiable to your daughter or son."", ""startIndexInSegment"": 231, ""endIndexInSegment"": 302, ""value"": ""Aggregated or anonymized""}, ""Does/Does Not"": {""selectedText"": ""null"", ""startIndexInSegment"": -1, ""endIndexInSegment"": -1, ""value"": ""Does""}, ""User Type"": {""selectedText"": ""visitors"", ""startIndexInSegment"": 82, ""endIndexInSegment"": 90, ""value"": ""User without account""}, ""Purpose"": {""selectedText"": ""to determine the number of visitors to any of the Sally Ride Science websites, how long each visitor stayed, what pages of the site were visited and other general information,"", ""startIndexInSegment"": 55, ""endIndexInSegment"": 230, ""value"": ""Analytics/Research""}}",Not specified,https://earthkam.ucsd.edu/privacy
20208,test_category_labeling_highlight_fordham_ddddd,118,3908,4,Third Party Sharing/Collection,"{""Third Party Entity"": {""selectedText"": ""with our partners or sponsors."", ""startIndexInSegment"": 385, ""endIndexInSegment"": 415, ""value"": ""Unnamed third party""}, ""Choice Scope"": {""selectedText"": ""Not selected"", ""startIndexInSegment"": -1, ""endIndexInSegment"": -1, ""value"": ""Unspecified""}, ""Purpose"": {""selectedText"": ""Not selected"", ""startIndexInSegment"": -1, ""endIndexInSegment"": -1, ""value"": ""Unspecified""}, ""Personal Information Type"": {""selectedText"": ""information compiled from traffic reports"", ""startIndexInSegment"": 343, ""endIndexInSegment"": 384, ""value"": ""User online activities""}, ""Choice Type"": {""selectedText"": ""Not selected"", ""startIndexInSegment"": -1, ""endIndexInSegment"": -1, ""value"": ""Unspecified""}, ""Identifiability"": {""selectedText"": ""aggregate (non-personal)"", ""startIndexInSegment"": 318, ""endIndexInSegment"": 342, ""value"": ""Aggregated or anonymized""}, ""Does/Does Not"": {""selectedText"": ""null"", ""startIndexInSegment"": -1, ""endIndexInSegment"": -1, ""value"": ""Does""}, ""User Type"": {""selectedText"": ""visitors"", ""startIndexInSegment"": 82, ""endIndexInSegment"": 90, ""value"": ""User without account""}, ""Action Third Party"": {""selectedText"": ""null"", ""startIndexInSegment"": -1, ""endIndexInSegment"": -1, ""value"": ""Receive/Shared with""}}",Not specified,https://earthkam.ucsd.edu/privacy
20209,test_category_labeling_highlight_fordham_ddddd,118,3908,4,Third Party Sharing/Collection,"{""Third Party Entity"": {""selectedText"": ""with our partners or sponsors."", ""startIndexInSegment"": 385, ""endIndexInSegment"": 415, ""value"": ""Unnamed third party""}, ""Choice Scope"": {""selectedText"": ""Not selected"", ""startIndexInSegment"": -1, ""endIndexInSegment"": -1, ""value"": ""Unspecified""}, ""Purpose"": {""selectedText"": ""Not selected"", ""startIndexInSegment"": -1, ""endIndexInSegment"": -1, ""value"": ""Unspecified""}, ""Personal Information Type"": {""selectedText"": ""information"", ""startIndexInSegment"": 343, ""endIndexInSegment"": 354, ""value"": ""Unspecified""}, ""Choice Type"": {""selectedText"": ""Not selected"", ""startIndexInSegment"": -1, ""endIndexInSegment"": -1, ""value"": ""Unspecified""}, ""Identifiability"": {""selectedText"": ""aggregate (non-personal)"", ""startIndexInSegment"": 318, ""endIndexInSegment"": 342, ""value"": ""Aggregated or anonymized""}, ""Does/Does Not"": {""selectedText"": ""null"", ""startIndexInSegment"": -1, ""endIndexInSegment"": -1, ""value"": ""Does""}, ""User Type"": {""selectedText"": ""visitors"", ""startIndexInSegment"": 82, ""endIndexInSegment"": 90, ""value"": ""User without account""}, ""Action Third Party"": {""selectedText"": ""null"", ""startIndexInSegment"": -1, ""endIndexInSegment"": -1, ""value"": ""Receive/Shared with""}}",Not specified,https://earthkam.ucsd.edu/privacy
C3297,test_category_labeling_highlight_fordham_ddddd,118,3908,5,Third Party Sharing/Collection,"{""Third Party Entity"": {""selectedText"": ""to a successor to our business"", ""startIndexInSegment"": 328, ""endIndexInSegment"": 358, ""value"": ""Other""}, ""Choice Scope"": {""selectedText"": ""Should you not agree to this limited third party disclosure of your child's personally identifiable information,"", ""startIndexInSegment"": 615, ""endIndexInSegment"": 727, ""value"": ""Collection""}, ""Purpose"": {""selectedText"": ""that helps us run Sally Ride Science events and activities (such as a company that hosts our website),"", ""startIndexInSegment"": 379, ""endIndexInSegment"": 481, ""value"": ""Basic service/feature""}, ""Personal Information Type"": {""selectedText"": ""personally identifiable information"", ""startIndexInSegment"": 265, ""endIndexInSegment"": 300, ""value"": ""Generic personal information""}, ""Choice Type"": {""selectedText"": ""please contact the Sally Ride Science operator at the address below."", ""startIndexInSegment"": 728, ""endIndexInSegment"": 796, ""value"": ""Opt-out via contacting company""}, ""Identifiability"": {""selectedText"": ""identifiable"", ""startIndexInSegment"": 276, ""endIndexInSegment"": 288, ""value"": ""Identifiable""}, ""Does/Does Not"": {""selectedText"": ""null"", ""startIndexInSegment"": -1, ""endIndexInSegment"": -1, ""value"": ""Does""}, ""User Type"": {""selectedText"": ""Not selected"", ""startIndexInSegment"": -1, ""endIndexInSegment"": -1, ""value"": ""Unspecified""}, ""Action Third Party"": {""selectedText"": ""At this time, we would only disclose"", ""startIndexInSegment"": 228, ""endIndexInSegment"": 264, ""value"": ""Receive/Shared with""}}",Not specified,https://earthkam.ucsd.edu/privacy
C3298,test_category_labeling_highlight_fordham_bbbbb,116,3908,5,Third Party Sharing/Collection,"{""Third Party Entity"": {""selectedText"": ""disclose or sell"", ""startIndexInSegment"": 81, ""endIndexInSegment"": 97, ""value"": ""Unnamed third party""}, ""Choice Scope"": {""selectedText"": ""null"", ""startIndexInSegment"": -1, ""endIndexInSegment"": -1, ""value"": ""not-selected""}, ""Purpose"": {""selectedText"": ""will not disclose or sell personally identifiable information (such as full name, email address, school, etc.)"", ""startIndexInSegment"": 72, ""endIndexInSegment"": 182, ""value"": ""Unspecified""}, ""Personal Information Type"": {""selectedText"": ""personally identifiable information (such as full name, email address, school, etc.)"", ""startIndexInSegment"": 98, ""endIndexInSegment"": 182, ""value"": ""Generic personal information""}, ""Choice Type"": {""selectedText"": ""null"", ""startIndexInSegment"": -1, ""endIndexInSegment"": -1, ""value"": ""not-selected""}, ""Identifiability"": {""selectedText"": ""null"", ""startIndexInSegment"": -1, ""endIndexInSegment"": -1, ""value"": ""not-selected""}, ""Does/Does Not"": {""selectedText"": ""will not"", ""startIndexInSegment"": 72, ""endIndexInSegment"": 80, ""value"": ""Does Not""}, ""User Type"": {""selectedText"": ""null"", ""startIndexInSegment"": -1, ""endIndexInSegment"": -1, ""value"": ""not-selected""}, ""Action Third Party"": {""selectedText"": ""disclose or sell"", ""startIndexInSegment"": 81, ""endIndexInSegment"": 97, ""value"": ""Other""}}",Not specified,https://earthkam.ucsd.edu/privacy
20071,test_category_labeling_highlight_fordham_bbbbb,116,3908,5,Third Party Sharing/Collection,"{""Third Party Entity"": {""selectedText"": ""disclose or sell"", ""startIndexInSegment"": 81, ""endIndexInSegment"": 97, ""value"": ""Unnamed third party""}, ""Choice Scope"": {""selectedText"": ""null"", ""startIndexInSegment"": -1, ""endIndexInSegment"": -1, ""value"": ""not-selected""}, ""Purpose"": {""selectedText"": ""will not disclose or sell personally identifiable information (such as full name, email address, school, etc.)"", ""startIndexInSegment"": 72, ""endIndexInSegment"": 182, ""value"": ""Unspecified""}, ""Personal Information Type"": {""selectedText"": ""personally identifiable information (such as full name, email address, school, etc.)"", ""startIndexInSegment"": 98, ""endIndexInSegment"": 182, ""value"": ""Generic personal information""}, ""Choice Type"": {""selectedText"": ""without your prior consent"", ""startIndexInSegment"": 200, ""endIndexInSegment"": 226, ""value"": ""Opt-in""}, ""Identifiability"": {""selectedText"": ""null"", ""startIndexInSegment"": -1, ""endIndexInSegment"": -1, ""value"": ""not-selected""}, ""Does/Does Not"": {""selectedText"": ""without yo"", ""startIndexInSegment"": 200, ""endIndexInSegment"": 210, ""value"": ""Does""}, ""User Type"": {""selectedText"": ""null"", ""startIndexInSegment"": -1, ""endIndexInSegment"": -1, ""value"": ""not-selected""}, ""Action Third Party"": {""selectedText"": ""disclose or sell"", ""startIndexInSegment"": 81, ""endIndexInSegment"": 97, ""value"": ""Other""}}",Not specified,https://earthkam.ucsd.edu/privacy
20072,test_category_labeling_highlight_fordham_bbbbb,116,3908,5,International and Specific Audiences,"{""Audience Type"": {""selectedText"": ""No Disclosure of Personally Identifiable Information Sally Ride Science will not disclose or sell personally identifiable information (such as full name, email address, school, etc.) about your child without your prior consent. At this time, we would only disclose personally identifiable information about your daughter or son to a successor to our business or to a third party that helps us run Sally Ride Science events and activities (such as a company that hosts our website), but only if that party agrees to comply with our privacy policy and to maintain the confidentiality and security of the information. Should you not agree to this limited third party disclosure of your child's personally identifiable information, please contact the Sally Ride Science operator at the address below."", ""startIndexInSegment"": 0, ""endIndexInSegment"": 796, ""value"": ""Children""}}",Not specified,https://earthkam.ucsd.edu/privacy
20074,test_category_labeling_highlight_fordham_bbbbb,116,3908,5,User Choice/Control,"{""Choice Type"": {""selectedText"": ""Should you not agree to this limited third party disclosure of your child's personally identifiable information, please contact the Sally Ride Science operator at the address below."", ""startIndexInSegment"": 615, ""endIndexInSegment"": 796, ""value"": ""Opt-out via contacting company""}, ""Choice Scope"": {""selectedText"": ""third party disclosure"", ""startIndexInSegment"": 652, ""endIndexInSegment"": 674, ""value"": ""Third party sharing/collection""}, ""User Type"": {""selectedText"": ""null"", ""startIndexInSegment"": -1, ""endIndexInSegment"": -1, ""value"": ""not-selected""}, ""Purpose"": {""selectedText"": ""limited third party disclosure"", ""startIndexInSegment"": 644, ""endIndexInSegment"": 674, ""value"": ""Basic service/feature""}, ""Personal Information Type"": {""selectedText"": ""personally identifiable information"", ""startIndexInSegment"": 691, ""endIndexInSegment"": 726, ""value"": ""Generic personal information""}}",Not specified,https://earthkam.ucsd.edu/privacy
20227,test_category_labeling_highlight_fordham_ddddd,118,3908,5,User Choice/Control,"{""Choice Type"": {""selectedText"": ""without your prior consent."", ""startIndexInSegment"": 200, ""endIndexInSegment"": 227, ""value"": ""Opt-in""}, ""Choice Scope"": {""selectedText"": ""Sally Ride Science will not disclose or sell personally identifiable information (such as full name, email address, school, etc.) about your child"", ""startIndexInSegment"": 53, ""endIndexInSegment"": 199, ""value"": ""Third party sharing/collection""}, ""User Type"": {""selectedText"": ""Not selected"", ""startIndexInSegment"": -1, ""endIndexInSegment"": -1, ""value"": ""Unspecified""}, ""Purpose"": {""selectedText"": ""Not selected"", ""startIndexInSegment"": -1, ""endIndexInSegment"": -1, ""value"": ""Unspecified""}, ""Personal Information Type"": {""selectedText"": ""personally identifiable information"", ""startIndexInSegment"": 98, ""endIndexInSegment"": 133, ""value"": ""Generic personal information""}}",Not specified,https://earthkam.ucsd.edu/privacy
20228,test_category_labeling_highlight_fordham_ddddd,118,3908,5,User Choice/Control,"{""Choice Type"": {""selectedText"": ""without your prior consent."", ""startIndexInSegment"": 200, ""endIndexInSegment"": 227, ""value"": ""Opt-in""}, ""Choice Scope"": {""selectedText"": ""Sally Ride Science will not disclose or sell personally identifiable information (such as full name, email address, school, etc.) about your child"", ""startIndexInSegment"": 53, ""endIndexInSegment"": 199, ""value"": ""Third party sharing/collection""}, ""User Type"": {""selectedText"": ""Not selected"", ""startIndexInSegment"": -1, ""endIndexInSegment"": -1, ""value"": ""Unspecified""}, ""Purpose"": {""selectedText"": ""Not selected"", ""startIndexInSegment"": -1, ""endIndexInSegment"": -1, ""value"": ""Unspecified""}, ""Personal Information Type"": {""selectedText"": ""full name, email address,"", ""startIndexInSegment"": 143, ""endIndexInSegment"": 168, ""value"": ""Contact""}}",Not specified,https://earthkam.ucsd.edu/privacy
20229,test_category_labeling_highlight_fordham_ddddd,118,3908,5,User Choice/Control,"{""Choice Type"": {""selectedText"": ""without your prior consent."", ""startIndexInSegment"": 200, ""endIndexInSegment"": 227, ""value"": ""Opt-in""}, ""Choice Scope"": {""selectedText"": ""Sally Ride Science will not disclose or sell personally identifiable information (such as full name, email address, school, etc.) about your child"", ""startIndexInSegment"": 53, ""endIndexInSegment"": 199, ""value"": ""Third party sharing/collection""}, ""User Type"": {""selectedText"": ""Not selected"", ""startIndexInSegment"": -1, ""endIndexInSegment"": -1, ""value"": ""Unspecified""}, ""Purpose"": {""selectedText"": ""Not selected"", ""startIndexInSegment"": -1, ""endIndexInSegment"": -1, ""value"": ""Unspecified""}, ""Personal Information Type"": {""selectedText"": ""school"", ""startIndexInSegment"": 169, ""endIndexInSegment"": 175, ""value"": ""Other""}}",Not specified,https://earthkam.ucsd.edu/privacy
20231,test_category_labeling_highlight_fordham_ddddd,118,3908,5,Third Party Sharing/Collection,"{""Third Party Entity"": {""selectedText"": ""or to a third party"", ""startIndexInSegment"": 359, ""endIndexInSegment"": 378, ""value"": ""Unnamed third party""}, ""Choice Scope"": {""selectedText"": ""Should you not agree to this limited third party disclosure of your child's personally identifiable information,"", ""startIndexInSegment"": 615, ""endIndexInSegment"": 727, ""value"": ""Collection""}, ""Purpose"": {""selectedText"": ""that helps us run Sally Ride Science events and activities (such as a company that hosts our website),"", ""startIndexInSegment"": 379, ""endIndexInSegment"": 481, ""value"": ""Basic service/feature""}, ""Personal Information Type"": {""selectedText"": ""personally identifiable information"", ""startIndexInSegment"": 265, ""endIndexInSegment"": 300, ""value"": ""Generic personal information""}, ""Choice Type"": {""selectedText"": ""please contact the Sally Ride Science operator at the address below."", ""startIndexInSegment"": 728, ""endIndexInSegment"": 796, ""value"": ""Opt-out via contacting company""}, ""Identifiability"": {""selectedText"": ""identifiable"", ""startIndexInSegment"": 276, ""endIndexInSegment"": 288, ""value"": ""Identifiable""}, ""Does/Does Not"": {""selectedText"": ""null"", ""startIndexInSegment"": -1, ""endIndexInSegment"": -1, ""value"": ""Does""}, ""User Type"": {""selectedText"": ""Not selected"", ""startIndexInSegment"": -1, ""endIndexInSegment"": -1, ""value"": ""Unspecified""}, ""Action Third Party"": {""selectedText"": ""At this time, we would only disclose"", ""startIndexInSegment"": 228, ""endIndexInSegment"": 264, ""value"": ""Receive/Shared with""}}",Not specified,https://earthkam.ucsd.edu/privacy
20232,test_category_labeling_highlight_fordham_ddddd,118,3908,5,Other,"{""Other Type"": {""selectedText"": ""but only if that party agrees to comply with our privacy policy and to maintain the confidentiality and security of the information."", ""startIndexInSegment"": 482, ""endIndexInSegment"": 614, ""value"": ""Other""}}",Not specified,https://earthkam.ucsd.edu/privacy
20075,test_category_labeling_highlight_fordham_bbbbb,116,3908,6,"User Access, Edit and Deletion","{""Access Type"": {""selectedText"": ""to review,"", ""startIndexInSegment"": 94, ""endIndexInSegment"": 104, ""value"": ""View""}, ""User Type"": {""selectedText"": ""null"", ""startIndexInSegment"": -1, ""endIndexInSegment"": -1, ""value"": ""not-selected""}, ""Access Scope"": {""selectedText"": ""information"", ""startIndexInSegment"": 131, ""endIndexInSegment"": 142, ""value"": ""Unspecified""}}",Not specified,https://earthkam.ucsd.edu/privacy
20076,test_category_labeling_highlight_fordham_bbbbb,116,3908,6,"User Access, Edit and Deletion","{""Access Type"": {""selectedText"": ""modify"", ""startIndexInSegment"": 105, ""endIndexInSegment"": 111, ""value"": ""Edit information""}, ""User Type"": {""selectedText"": ""null"", ""startIndexInSegment"": -1, ""endIndexInSegment"": -1, ""value"": ""not-selected""}, ""Access Scope"": {""selectedText"": ""information"", ""startIndexInSegment"": 131, ""endIndexInSegment"": 142, ""value"": ""Unspecified""}}",Not specified,https://earthkam.ucsd.edu/privacy
20077,test_category_labeling_highlight_fordham_bbbbb,116,3908,6,"User Access, Edit and Deletion","{""Access Type"": {""selectedText"": ""delete account information"", ""startIndexInSegment"": 116, ""endIndexInSegment"": 142, ""value"": ""Delete account (partial)""}, ""User Type"": {""selectedText"": ""null"", ""startIndexInSegment"": -1, ""endIndexInSegment"": -1, ""value"": ""not-selected""}, ""Access Scope"": {""selectedText"": ""information"", ""startIndexInSegment"": 131, ""endIndexInSegment"": 142, ""value"": ""Unspecified""}}",Not specified,https://earthkam.ucsd.edu/privacy
20078,test_category_labeling_highlight_fordham_bbbbb,116,3908,6,User Choice/Control,"{""Choice Type"": {""selectedText"": ""and you may also refuse to allow any further collection or use of your child's personal information."", ""startIndexInSegment"": 187, ""endIndexInSegment"": 287, ""value"": ""Unspecified""}, ""Choice Scope"": {""selectedText"": ""and you may also refuse to allow any further collection or use of your child's personal information."", ""startIndexInSegment"": 187, ""endIndexInSegment"": 287, ""value"": ""First party collection""}, ""User Type"": {""selectedText"": ""null"", ""startIndexInSegment"": -1, ""endIndexInSegment"": -1, ""value"": ""not-selected""}, ""Purpose"": {""selectedText"": ""and you may also refuse to allow any further collection or use of your child's personal information."", ""startIndexInSegment"": 187, ""endIndexInSegment"": 287, ""value"": ""Unspecified""}, ""Personal Information Type"": {""selectedText"": ""and you may also refuse to allow any further collection or use of your child's personal information."", ""startIndexInSegment"": 187, ""endIndexInSegment"": 287, ""value"": ""Unspecified""}}",Not specified,https://earthkam.ucsd.edu/privacy
20584,test_category_labeling_highlight_fordham_ccccc,117,3908,6,"User Access, Edit and Deletion","{""Access Type"": {""selectedText"": ""to review, modify, or delete"", ""startIndexInSegment"": 94, ""endIndexInSegment"": 122, ""value"": ""Edit information""}, ""User Type"": {""selectedText"": ""null"", ""startIndexInSegment"": -1, ""endIndexInSegment"": -1, ""value"": ""not-selected""}, ""Access Scope"": {""selectedText"": ""account information"", ""startIndexInSegment"": 123, ""endIndexInSegment"": 142, ""value"": ""User account data""}}",Not specified,https://earthkam.ucsd.edu/privacy
20210,test_category_labeling_highlight_fordham_ddddd,118,3908,6,International and Specific Audiences,"{""Audience Type"": {""selectedText"": ""Review Your Child's Data and Security"", ""startIndexInSegment"": 0, ""endIndexInSegment"": 37, ""value"": ""Children""}}",Not specified,https://earthkam.ucsd.edu/privacy
20211,test_category_labeling_highlight_fordham_ddddd,118,3908,6,"User Access, Edit and Deletion","{""Access Type"": {""selectedText"": ""Sally Ride Science allows you, as a parent or guardian, to review, modify, or delete"", ""startIndexInSegment"": 38, ""endIndexInSegment"": 122, ""value"": ""Edit information""}, ""User Type"": {""selectedText"": ""account"", ""startIndexInSegment"": 123, ""endIndexInSegment"": 130, ""value"": ""User with account""}, ""Access Scope"": {""selectedText"": ""account information regarding your daughter or son at any time;"", ""startIndexInSegment"": 123, ""endIndexInSegment"": 186, ""value"": ""User account data""}}",Not specified,https://earthkam.ucsd.edu/privacy
20212,test_category_labeling_highlight_fordham_ddddd,118,3908,6,User Choice/Control,"{""Choice Type"": {""selectedText"": ""Not selected"", ""startIndexInSegment"": -1, ""endIndexInSegment"": -1, ""value"": ""Unspecified""}, ""Choice Scope"": {""selectedText"": ""collection"", ""startIndexInSegment"": 232, ""endIndexInSegment"": 242, ""value"": ""First party collection""}, ""User Type"": {""selectedText"": ""Not selected"", ""startIndexInSegment"": -1, ""endIndexInSegment"": -1, ""value"": ""Unspecified""}, ""Purpose"": {""selectedText"": ""Not selected"", ""startIndexInSegment"": -1, ""endIndexInSegment"": -1, ""value"": ""Unspecified""}, ""Personal Information Type"": {""selectedText"": ""your child's personal information."", ""startIndexInSegment"": 253, ""endIndexInSegment"": 287, ""value"": ""Generic personal information""}}",Not specified,https://earthkam.ucsd.edu/privacy
20213,test_category_labeling_highlight_fordham_ddddd,118,3908,6,User Choice/Control,"{""Choice Type"": {""selectedText"": ""Not selected"", ""startIndexInSegment"": -1, ""endIndexInSegment"": -1, ""value"": ""Unspecified""}, ""Choice Scope"": {""selectedText"": ""use"", ""startIndexInSegment"": 246, ""endIndexInSegment"": 249, ""value"": ""First party use""}, ""User Type"": {""selectedText"": ""Not selected"", ""startIndexInSegment"": -1, ""endIndexInSegment"": -1, ""value"": ""Unspecified""}, ""Purpose"": {""selectedText"": ""Not selected"", ""startIndexInSegment"": -1, ""endIndexInSegment"": -1, ""value"": ""Unspecified""}, ""Personal Information Type"": {""selectedText"": ""your child's personal information."", ""startIndexInSegment"": 253, ""endIndexInSegment"": 287, ""value"": ""Generic personal information""}}",Not specified,https://earthkam.ucsd.edu/privacy
C3299,test_category_labeling_highlight_fordham_bbbbb,116,3908,7,"User Access, Edit and Deletion","{""Access Type"": {""selectedText"": ""(a) initiate a review of your son's or daughter's account information,"", ""startIndexInSegment"": 3, ""endIndexInSegment"": 73, ""value"": ""View""}, ""User Type"": {""selectedText"": ""null"", ""startIndexInSegment"": -1, ""endIndexInSegment"": -1, ""value"": ""not-selected""}, ""Access Scope"": {""selectedText"": ""account information,"", ""startIndexInSegment"": 53, ""endIndexInSegment"": 73, ""value"": ""User account data""}}",Not specified,https://earthkam.ucsd.edu/privacy
C3300,test_category_labeling_highlight_fordham_bbbbb,116,3908,7,Other,"{""Other Type"": {""selectedText"": ""To (a) initiate a review of your son's or daughter's account information, (b) correct factual errors in such information, (c) request to have information deleted, or (d) request that we no longer collect or maintain such information about your child, please call us at 1.800.561.5161 or email us."", ""startIndexInSegment"": 0, ""endIndexInSegment"": 296, ""value"": ""Privacy contact information""}}",Not specified,https://earthkam.ucsd.edu/privacy
20080,test_category_labeling_highlight_fordham_bbbbb,116,3908,7,International and Specific Audiences,"{""Audience Type"": {""selectedText"": ""To (a) initiate a review of your son's or daughter's account information, (b) correct factual errors in such information, (c) request to have information deleted, or (d) request that we no longer collect or maintain such information about your child, please call us at 1.800.561.5161 or email us."", ""startIndexInSegment"": 0, ""endIndexInSegment"": 296, ""value"": ""Children""}}",Not specified,https://earthkam.ucsd.edu/privacy
20082,test_category_labeling_highlight_fordham_bbbbb,116,3908,7,"User Access, Edit and Deletion","{""Access Type"": {""selectedText"": ""(b) correct factual errors in such information"", ""startIndexInSegment"": 74, ""endIndexInSegment"": 120, ""value"": ""Edit information""}, ""User Type"": {""selectedText"": ""null"", ""startIndexInSegment"": -1, ""endIndexInSegment"": -1, ""value"": ""not-selected""}, ""Access Scope"": {""selectedText"": ""such information,"", ""startIndexInSegment"": 104, ""endIndexInSegment"": 121, ""value"": ""User account data""}}",Not specified,https://earthkam.ucsd.edu/privacy
20083,test_category_labeling_highlight_fordham_bbbbb,116,3908,7,"User Access, Edit and Deletion","{""Access Type"": {""selectedText"": ""(c) request to have information deleted"", ""startIndexInSegment"": 122, ""endIndexInSegment"": 161, ""value"": ""Delete account (partial)""}, ""User Type"": {""selectedText"": ""null"", ""startIndexInSegment"": -1, ""endIndexInSegment"": -1, ""value"": ""not-selected""}, ""Access Scope"": {""selectedText"": ""information"", ""startIndexInSegment"": 142, ""endIndexInSegment"": 153, ""value"": ""User account data""}}",Not specified,https://earthkam.ucsd.edu/privacy
20084,test_category_labeling_highlight_fordham_bbbbb,116,3908,7,User Choice/Control,"{""Choice Type"": {""selectedText"": ""(d) request that we no longer collect or maintain such information about your child, please call us at 1.800.561.5161 or email us."", ""startIndexInSegment"": 166, ""endIndexInSegment"": 296, ""value"": ""Opt-out via contacting company""}, ""Choice Scope"": {""selectedText"": ""no longer collect or maintain"", ""startIndexInSegment"": 186, ""endIndexInSegment"": 215, ""value"": ""First party collection""}, ""User Type"": {""selectedText"": ""null"", ""startIndexInSegment"": -1, ""endIndexInSegment"": -1, ""value"": ""not-selected""}, ""Purpose"": {""selectedText"": ""(d) request that we no longer collect or maintain such information about your child, please call us at 1.800.561.5161 or email us."", ""startIndexInSegment"": 166, ""endIndexInSegment"": 296, ""value"": ""Unspecified""}, ""Personal Information Type"": {""selectedText"": ""such information"", ""startIndexInSegment"": 216, ""endIndexInSegment"": 232, ""value"": ""Generic personal information""}}",Not specified,https://earthkam.ucsd.edu/privacy
20214,test_category_labeling_highlight_fordham_ddddd,118,3908,7,Other,"{""Other Type"": {""selectedText"": ""please call us at 1.800.561.5161 or email us."", ""startIndexInSegment"": 251, ""endIndexInSegment"": 296, ""value"": ""Privacy contact information""}}",Not specified,https://earthkam.ucsd.edu/privacy
20215,test_category_labeling_highlight_fordham_ddddd,118,3908,7,International and Specific Audiences,"{""Audience Type"": {""selectedText"": ""child"", ""startIndexInSegment"": 244, ""endIndexInSegment"": 249, ""value"": ""Children""}}",Not specified,https://earthkam.ucsd.edu/privacy
20216,test_category_labeling_highlight_fordham_ddddd,118,3908,7,User Choice/Control,"{""Choice Type"": {""selectedText"": ""please call us at 1.800.561.5161 or email us."", ""startIndexInSegment"": 251, ""endIndexInSegment"": 296, ""value"": ""Opt-out via contacting company""}, ""Choice Scope"": {""selectedText"": ""To (a) initiate a review of your son's or daughter's account information, (b) correct factual errors in such information, (c) request to have information deleted, or (d) request that we no longer collect or maintain such information about your child,"", ""startIndexInSegment"": 0, ""endIndexInSegment"": 250, ""value"": ""First party collection""}, ""User Type"": {""selectedText"": ""account"", ""startIndexInSegment"": 53, ""endIndexInSegment"": 60, ""value"": ""User with account""}, ""Purpose"": {""selectedText"": ""Not selected"", ""startIndexInSegment"": -1, ""endIndexInSegment"": -1, ""value"": ""Unspecified""}, ""Personal Information Type"": {""selectedText"": ""account information"", ""startIndexInSegment"": 53, ""endIndexInSegment"": 72, ""value"": ""User profile""}}",Not specified,https://earthkam.ucsd.edu/privacy
C3301,test_category_labeling_highlight_fordham_bbbbb,116,3908,8,Data Security,"{""Security Measure"": {""selectedText"": ""To protect your daughter's or son's privacy and security, we will take reasonable steps to verify your identity as the child's parent/guardian before granting you access to the personal information that we collect and maintain about your daughter or son."", ""startIndexInSegment"": 0, ""endIndexInSegment"": 254, ""value"": ""Secure user authentication""}}",Not specified,https://earthkam.ucsd.edu/privacy
20218,test_category_labeling_highlight_fordham_ddddd,118,3908,8,International and Specific Audiences,"{""Audience Type"": {""selectedText"": ""child"", ""startIndexInSegment"": 119, ""endIndexInSegment"": 124, ""value"": ""Children""}}",Not specified,https://earthkam.ucsd.edu/privacy
C3302,test_category_labeling_highlight_fordham_bbbbb,116,3908,9,Data Retention,"{""Personal Information Type"": {""selectedText"": ""credit card number"", ""startIndexInSegment"": 654, ""endIndexInSegment"": 672, ""value"": ""Financial""}, ""Retention Period"": {""selectedText"": ""Furthermore, we will not keep your credit card number in our database once a transaction is completed."", ""startIndexInSegment"": 619, ""endIndexInSegment"": 721, ""value"": ""Limited""}, ""Retention Purpose"": {""selectedText"": ""Furthermore, we will not keep your credit card number in our database once a transaction is completed."", ""startIndexInSegment"": 619, ""endIndexInSegment"": 721, ""value"": ""Perform service""}}",Not specified,https://earthkam.ucsd.edu/privacy
C3303,test_category_labeling_highlight_fordham_ddddd,118,3908,9,Data Security,"{""Security Measure"": {""selectedText"": ""Sally Ride Science has taken steps to ensure that any information we collect is secure."", ""startIndexInSegment"": 0, ""endIndexInSegment"": 87, ""value"": ""Generic""}}",Not specified,https://earthkam.ucsd.edu/privacy
C3304,test_category_labeling_highlight_fordham_ddddd,118,3908,9,Data Security,"{""Security Measure"": {""selectedText"": ""Our security measures include limiting the number of people who have physical access to our database and servers,"", ""startIndexInSegment"": 88, ""endIndexInSegment"": 201, ""value"": ""Data access limitation""}}",Not specified,https://earthkam.ucsd.edu/privacy
C3305,test_category_labeling_highlight_fordham_ddddd,118,3908,9,Data Security,"{""Security Measure"": {""selectedText"": ""using password protections that guard against unauthorized access."", ""startIndexInSegment"": 245, ""endIndexInSegment"": 311, ""value"": ""Secure user authentication""}}",Not specified,https://earthkam.ucsd.edu/privacy
C3306,test_category_labeling_highlight_fordham_ddddd,118,3908,9,Data Security,"{""Security Measure"": {""selectedText"": ""We protect your credit card information (and all other personal information) using Secure Socket Layer (SSL) technology that automatically encrypts all data while information is being transmitted over the Internet."", ""startIndexInSegment"": 404, ""endIndexInSegment"": 618, ""value"": ""Secure data transfer""}}",Not specified,https://earthkam.ucsd.edu/privacy
20587,test_category_labeling_highlight_fordham_ccccc,117,3908,9,Data Security,"{""Security Measure"": {""selectedText"": ""using password protections that guard against unauthorized access. We are also sensitive to security concerns regarding the use of credit cards for purchases. We protect your credit card information (and all other personal information) using Secure Socket Layer (SSL)"", ""startIndexInSegment"": 245, ""endIndexInSegment"": 512, ""value"": ""Secure data transfer""}}",Not specified,https://earthkam.ucsd.edu/privacy
20224,test_category_labeling_highlight_fordham_ddddd,118,3908,9,Data Security,"{""Security Measure"": {""selectedText"": ""Furthermore, we will not keep your credit card number in our database once a transaction is completed."", ""startIndexInSegment"": 619, ""endIndexInSegment"": 721, ""value"": ""Other""}}",Not specified,https://earthkam.ucsd.edu/privacy
C3307,test_category_labeling_highlight_fordham_bbbbb,116,3908,10,Other,"{""Other Type"": {""selectedText"": ""If you have any questions, comments or concerns regarding the Sally Ride Science's privacy policy, please contact us at: Privacy Coordinator Sally Ride Science 9191 Towne Centre Drive, Suite L101 San Diego, CA 92122 Tel: 1.800.561.5161"", ""startIndexInSegment"": 0, ""endIndexInSegment"": 235, ""value"": ""Privacy contact information""}}",Not specified,https://earthkam.ucsd.edu/privacy
